评分,评论内容,评论时间,商品规格,清洗后评论,分词后评论,来源文件
1,用的很好 流畅不卡 电池待机也够用 挺满意,2026年3月3日,"{'机身颜色': '雪岩白', '套餐类型': '官方标配', '存储容量': '12GB+256GB'}",用的很好 流畅不卡 电池待机也够用 挺满意,流畅 不卡 电池 待机 够用 满意,商品1.csv
1,从Note11EPr0换到K80，一直用的是红米，用了三天，感觉k80这次选对了，丝滑，不打游戏，刷视频，听歌，就是掉电快,2026年3月3日,"{'机身颜色': '汐月蓝', '套餐类型': '官方标配', '存储容量': '12GB+256GB'}",从换到一直用的是红米用了三天感觉这次选对了丝滑不打游戏刷视频听歌就是掉电快,从换 一直 红米 三天 感觉 这次 选对 打游戏 视频 听歌 就是 掉电,商品1.csv
1,好看大气音质好外表又好看网络速度可以充电超快，非常满意,2026年3月2日,"{'机身颜色': '汐月蓝', '套餐类型': '官方标配', '存储容量': '16GB+512GB'}",好看大气音质好外表又好看网络速度可以充电超快非常满意,好看 大气 音质 外表 好看 网络 速度 可以 充电 超快 非常 满意,商品1.csv
1,性能可以，性价比高，国补后12+512，1700 性能和Tp4差不多，跑分k80，235w，tp4，230w，玩游戏没啥区别，就屏幕好了点，可是对比了看不出来的，可是电池差了1000，价格高了150，普通正常使用还不如电池大点的t4p好，超声波解锁还挑钢化膜，以前7-8快可以买2-3张了，现在要20一张才可以用，厚了失效了！,2026年1月26日,"{'机身颜色': '雪岩白', '套餐类型': '官方标配', '存储容量': '12GB+512GB'}",性能可以性价比高国补后 性能和差不多跑分玩游戏没啥区别就屏幕好了点可是对比了看不出来的可是电池差了价格高了普通正常使用还不如电池大点的好超声波解锁还挑钢化膜以前快可以买张了现在要一张才可以用厚了失效了,性能 可以 性价比 高国 补后 性能 差不多 玩游戏 区别 屏幕 可是 对比 看不出来 可是 电池 价格 普通 正常 使用 不如 电池 大点 超声波 解锁 钢化 以前 可以 买张 现在 一张 可以 用厚 失效,商品1.csv
1,1660买的16+256，给老母亲用着正合适，快递也很快第二天就到了，说不上有多好用但是性价比这一块还是可以的！,2026年1月17日,"{'机身颜色': '雪岩白', '套餐类型': '官方标配', '存储容量': '16GB+256GB'}",买的给老母亲用着正合适快递也很快第二天就到了说不上有多好用但是性价比这一块还是可以的,母亲 正合适 快递 很快 第二天 说不上 但是 性价比 一块 还是 可以,商品1.csv
1,买给老爸用的，用了百亿补贴加国补以及以旧换新，简直嘎嘎香啊，性价比超高。手机颜值不错，镜头显高级感，外框使用的是苹果的金属外壳，非常美观！而且，手机充电快，并且不耗电，运行速度快，相机拍照有实况效果，手机功能强大，于我爸而言，是相当的不错啊！喜欢的友友可放心购买～,2026年1月10日,"{'机身颜色': '汐月蓝', '套餐类型': '官方标配', '存储容量': '12GB+256GB'}",买给老爸用的用了百亿补贴加国补以及以旧换新简直嘎嘎香啊性价比超高手机颜值不错镜头显高级感外框使用的是苹果的金属外壳非常美观而且手机充电快并且不耗电运行速度快相机拍照有实况效果手机功能强大于我爸而言是相当的不错啊喜欢的友友可放心购买,老爸 百亿 补贴 加国补 以及 以旧换新 简直 嘎嘎 性价比 超高 手机 颜值 不错 镜头 高级 感外 使用 苹果 金属外壳 非常 美观 而且 手机 充电 并且 耗电 运行 速度 相机 拍照 实况 效果 手机 功能强大 而言 相当 不错 喜欢 友友 放心 购买,商品1.csv
1,手机不错，颜值很高，方形的边框挺不错。运行速度很快。,2026年3月4日,"{'机身颜色': '汐月蓝', '套餐类型': '官方标配', '存储容量': '12GB+512GB'}",手机不错颜值很高方形的边框挺不错运行速度很快,手机 不错 颜值 方形 边框 挺不错 运行 速度 很快,商品1.csv
1,国补加优惠1600多   用了一个星期后才来评价的！以前用的K40 用了几年  原想换k90  不划算 买的k80 大内存16g！系统没有升级 不是游戏党 不重度玩 一天半充电一次还是可以的 拍照不多摄像头颜色亮度高！存储256g够用了！手机正好一手握住！色彩对比k40升级太多了！充电也快！新系统用着也快 不升级！换机方便 app用着流畅！过度还是好的 铃声大 通话清晰 信号好 ！轻度玩家再用个几年不成问题！好评！,2026年1月24日,"{'机身颜色': '汐月蓝', '套餐类型': '官方标配', '存储容量': '16GB+256GB'}",国补加优惠多   用了一个星期后才来评价的以前用的 用了几年  原想换  不划算 买的 大内存系统没有升级 不是游戏党 不重度玩 一天半充电一次还是可以的 拍照不多摄像头颜色亮度高存储够用了手机正好一手握住色彩对比升级太多了充电也快新系统用着也快 不升级换机方便 用着流畅过度还是好的 铃声大 通话清晰 信号好 轻度玩家再用个几年不成问题好评,补加 优惠 一个 星期 评价 以前 几年 原想 不划算 内存 系统 没有 升级 不是 游戏 重度 一天 充电 一次 还是 可以 拍照 摄像头 颜色 亮度高 存储 够用 手机 正好 一手 握住 色彩 对比 升级 太多 充电 系统 升级 换机 方便 流畅 过度 还是 铃声 通话 清晰 信号 轻度 玩家 再用 几年 不成问题 好评,商品1.csv
1,非常不错，电池大，性能强，拍照好，充电快 显示效果：非常细腻,2026年2月24日,"{'机身颜色': '汐月蓝', '套餐类型': '官方标配', '存储容量': '16GB+512GB'}",非常不错电池大性能强拍照好充电快 显示效果非常细腻,非常 不错 电池 性能 拍照 充电 显示 效果 非常 细腻,商品1.csv
1,意外，春节期间2天就到了，顺丰是快。生产日期是2026年1月的，开机系统直接是澎湃3，安卓16，更新日期20260101，恢复出厂后那些预装app都没有了，实在是意外之喜。很不错。,2026年2月20日,"{'机身颜色': '汐月蓝', '套餐类型': '官方标配', '存储容量': '12GB+256GB'}",意外春节期间天就到了顺丰是快生产日期是年月的开机系统直接是澎湃安卓更新日期恢复出厂后那些预装都没有了实在是意外之喜很不错,意外 春节 期间 顺丰 生产日期 开机 系统 直接 澎湃 安卓 更新 日期 恢复 出厂 那些 预装 没有 实在 意外 之喜 不错,商品1.csv
1,性价比超高，耐用丝滑，回购就是对他最大的肯定，就是这个优惠价能不能放开啊，总是盯着看能买了才能买一个，我一共需要五个，这前前后后两个多月了才买到四个，还缺一个呢，多点优惠福利一次买完不然总惦记着🤣（悄悄看了无数次，总是提示国补已使用）,2026年1月14日,"{'机身颜色': '雪岩白', '套餐类型': '官方标配', '存储容量': '16GB+256GB'}",性价比超高耐用丝滑回购就是对他最大的肯定就是这个优惠价能不能放开啊总是盯着看能买了才能买一个我一共需要五个这前前后后两个多月了才买到四个还缺一个呢多点优惠福利一次买完不然总惦记着悄悄看了无数次总是提示国补已使用,性价比 超高 耐用 丝滑 回购 就是 最大 肯定 就是 这个 优惠价 不能 放开 总是 才能 一个 一共 需要 五个 前前后后 两个 多月 四个 一个 多点 优惠 福利 一次 不然 惦记着 悄悄 无数次 总是 提示 国补 使用,商品1.csv
1,家人们谁懂啊!我最近入手了红米K80，真的被狠狠惊艳到😍。 先说说性能，它搭载了高通骁龙8 Gen3芯片，搭配LPDDR5X运存和UFS4.0存储，运行起来那叫一个丝滑，不管是多任务切换，还是玩大型游戏，都毫无压力，就像给手机装了个“超级心脏”。 续航方面更是没得说，内置了6550mAh小米金沙江电池，还支持90W有线快充。我这种重度手机用户，用一整天完全没问题，早上起床充一会儿，又能满血复活。 再看看这屏幕，6.67英寸2K OLED直屏，120Hz刷新率，画面清晰又流畅，色彩也非常鲜艳。而且峰值亮度达到了3200尼特，在大太阳下也能看得清清楚楚。还有小米青山护眼2.0技术，长时间使用眼睛也不会太累。 另外，它还支持IP68级防尘防水、杜比双扬声器、红外遥控、NFC等功能，实用性直接拉满。 总之，红米K80真的是一款非常值得入手的手机，性价比超高，我真的太爱了!强烈推荐给大家👏。 ,2026年1月29日,"{'机身颜色': '雪岩白', '套餐类型': '官方标配', '存储容量': '12GB+256GB'}",家人们谁懂啊我最近入手了红米真的被狠狠惊艳到 先说说性能它搭载了高通骁龙 芯片搭配运存和存储运行起来那叫一个丝滑不管是多任务切换还是玩大型游戏都毫无压力就像给手机装了个超级心脏 续航方面更是没得说内置了小米金沙江电池还支持有线快充我这种重度手机用户用一整天完全没问题早上起床充一会儿又能满血复活 再看看这屏幕英寸 直屏刷新率画面清晰又流畅色彩也非常鲜艳而且峰值亮度达到了尼特在大太阳下也能看得清清楚楚还有小米青山护眼技术长时间使用眼睛也不会太累 另外它还支持级防尘防水杜比双扬声器红外遥控等功能实用性直接拉满 总之红米真的是一款非常值得入手的手机性价比超高我真的太爱了强烈推荐给大家,人们 最近 入手 红米 真的 狠狠 惊艳 先说 性能 搭载 高通 骁龙 芯片 搭配 运存 存储 运行 起来 一个 丝滑 不管 多任务 切换 还是 大型 游戏 毫无 压力 手机 超级 心脏 续航 方面 更是 没得说 内置 小米 金沙江 电池 支持 有线 快充 这种 重度 手机用户 一整天 完全 问题 早上 起床 一会儿 满血 复活 看看 屏幕 英寸 直屏 刷新率 画面 清晰 流畅 色彩 非常 鲜艳 而且 峰值 亮度 达到 尼特 太阳 清清楚楚 还有 小米 青山 护眼 技术 长时间 使用 眼睛 不会 太累 另外 支持 防尘 防水 杜比 扬声器 红外 遥控 功能 实用性 直接 拉满 总之 红米 真的 一款 非常 值得 入手 手机 性价比 超高 真的 太爱 强烈推荐 大家,商品1.csv
1,"""收到货后直接惊艳到！包装严实精美，打开瞬间就能感受到商家的用心。商品和描述完全一致，甚至比图片更高级！质量超出预期，细节处理得很到位（可举例：面料手感好/做工精细/功能齐全），用了一段时间完全没问题，性价比真的高！客服态度也超棒，回复及时又专业。已经推荐给朋友，下次回购还选这家！五星满分好评！🌟🌟🌟🌟🌟""",2026年3月5日,"{'机身颜色': '玄夜黑', '套餐类型': '官方标配', '存储容量': '12GB+256GB'}",收到货后直接惊艳到包装严实精美打开瞬间就能感受到商家的用心商品和描述完全一致甚至比图片更高级质量超出预期细节处理得很到位可举例面料手感好做工精细功能齐全用了一段时间完全没问题性价比真的高客服态度也超棒回复及时又专业已经推荐给朋友下次回购还选这家五星满分好评,收到 货后 直接 惊艳 包装 严实 精美 打开 瞬间 感受 商家 用心 商品 描述 完全一致 甚至 图片 高级 质量 超出 预期 细节 处理 到位 举例 面料 手感 做工 精细 功能齐全 一段时间 完全 问题 性价比 真的 客服 态度 超棒 回复 及时 专业 已经 推荐 朋友 下次 回购 还选 这家 五星 满分 好评,商品1.csv
1,Redmi K80性能强劲，2K屏清晰护眼，续航耐用，系统流畅，拍照出色，性价比超高，使用体验超棒！  ,2026年3月3日,"{'机身颜色': '玄夜黑', '套餐类型': '官方标配', '存储容量': '12GB+256GB'}",性能强劲屏清晰护眼续航耐用系统流畅拍照出色性价比超高使用体验超棒,性能 强劲 清晰 护眼 续航 耐用 系统 流畅 拍照 出色 性价比 超高 使用 体验 超棒,商品1.csv
1,价格实惠 耗电量也不高 拍照也比较好看 学生用大人用都不错 质量可以,2026年3月2日,"{'机身颜色': '雪岩白', '套餐类型': '官方标配', '存储容量': '12GB+256GB'}",价格实惠 耗电量也不高 拍照也比较好看 学生用大人用都不错 质量可以,价格 实惠 耗电量 拍照 比较 好看 学生 大人 不错 质量 可以,商品1.csv
1,红米K80这个手机太好看啦，雪岩白配色正适合我岳母，老人平时喜欢在快手上看视频，骁龙8Gen处理速度确实快啊，而且256G的内存够岳母用啦，哈哈哈,2026年3月1日,"{'机身颜色': '雪岩白', '套餐类型': '官方标配', '存储容量': '12GB+256GB'}",红米这个手机太好看啦雪岩白配色正适合我岳母老人平时喜欢在快手上看视频骁龙处理速度确实快啊而且的内存够岳母用啦哈哈哈,红米 这个 手机 好看 雪岩 配色 适合 岳母 老人 平时 喜欢 手上 视频 骁龙 处理速度 确实 而且 内存 岳母 哈哈哈,商品1.csv
1,反应迅速，操作灵敏，几年前的手机好太多了。这价格还可以接受。,2026年2月27日,"{'机身颜色': '汐月蓝', '套餐类型': '官方标配', '存储容量': '16GB+256GB'}",反应迅速操作灵敏几年前的手机好太多了这价格还可以接受,反应 迅速 操作 灵敏 几年 手机 好太多 价格 可以 接受,商品1.csv
1,去年买了一个，现在又买了一个，价格实惠，性能也可以，不发热，打游戏也不怎么热,2026年2月26日,"{'机身颜色': '雪岩白', '套餐类型': '官方标配', '存储容量': '12GB+256GB'}",去年买了一个现在又买了一个价格实惠性能也可以不发热打游戏也不怎么热,去年 一个 现在 一个 价格 实惠 性能 可以 发热 打游戏 不怎么,商品1.csv
1,这款商品质量完全符合我的预期，材质细腻，颜色鲜艳，实物比图片还要让人满意。包装也非常用心，保护得很好，完全没有损坏。物流速度很快，下单后第二天就收到了，客服态度也非常友好，有任何问题都能及时解答。整体购物体验非常愉快，商品性价比高，是我这段时间以来最满意的一次网购。以后还会继续支持这家店铺，也会推荐给身边的朋友。,2026年2月23日,"{'机身颜色': '雪岩白', '套餐类型': '官方标配', '存储容量': '16GB+1024GB'}",这款商品质量完全符合我的预期材质细腻颜色鲜艳实物比图片还要让人满意包装也非常用心保护得很好完全没有损坏物流速度很快下单后第二天就收到了客服态度也非常友好有任何问题都能及时解答整体购物体验非常愉快商品性价比高是我这段时间以来最满意的一次网购以后还会继续支持这家店铺也会推荐给身边的朋友,商品质量 完全符合 预期 材质 细腻 颜色 鲜艳 实物 图片 还要 满意 包装 非常 用心 保护 完全 没有 损坏 物流 速度 很快 下单 第二天 收到 客服 态度 非常 友好 任何 问题 及时 解答 整体 购物 体验 非常 愉快 商品 性价比 高是 段时间 以来 满意 一次 网购 以后 还会 继续 支持 这家 店铺 推荐 身边 朋友,商品1.csv
1,"手机颜值高,里面没有什么压,硬件也足够强大,这手机网上评价很高,各APP之间切换也很快,送货上门服务态度好,拍照很好看,操作起来很流畅,非常喜欢,昨天中午12点不到就收到货了",2026年1月13日,"{'机身颜色': '山峦青', '套餐类型': '官方标配', '存储容量': '12GB+256GB'}",手机颜值高里面没有什么压硬件也足够强大这手机网上评价很高各之间切换也很快送货上门服务态度好拍照很好看操作起来很流畅非常喜欢昨天中午点不到就收到货了,手机 颜值 里面 没有 什么 硬件 足够 强大 手机 网上 评价 之间 切换 很快 送货上门 服务态度 拍照 好看 操作 起来 流畅 非常 喜欢 昨天中午 不到 收到,商品1.csv
1,物流配送很及时，外包装完好..,2026年2月19日,"{'机身颜色': '玄夜黑', '套餐类型': '官方标配', '存储容量': '12GB+256GB'}",物流配送很及时外包装完好,物流配送 及时 外包装 完好,商品1.csv
1,物流很快，昨天下单，今天就到了，手机外观各方面 还不错，手机颜色我还是很喜欢的，性能方面先用一 段时间在看看。,2026年1月25日,"{'机身颜色': '玄夜黑', '套餐类型': '官方标配', '存储容量': '12GB+256GB'}",物流很快昨天下单今天就到了手机外观各方面 还不错手机颜色我还是很喜欢的性能方面先用一 段时间在看看,物流 很快 昨天 下单 今天 手机 外观 方面 不错 手机 颜色 还是 喜欢 性能 方面 先用 段时间 看看,商品1.csv
1,还行吧，刷刷视频看看小说，电池一天一充吧。要不是原来的k40电池不行了，也没想买。刚好当天能用国补，淘金币抵扣后不到一千五就拿下这款，性价比很高！！！,2026年1月24日,"{'机身颜色': '汐月蓝', '套餐类型': '官方标配', '存储容量': '16GB+256GB'}",还行吧刷刷视频看看小说电池一天一充吧要不是原来的电池不行了也没想买刚好当天能用国补淘金币抵扣后不到一千五就拿下这款性价比很高,还行 刷刷 视频 看看 小说 电池 一天 一充 要不是 原来 电池 不行 没想 刚好 当天 能用 国补 金币 抵扣 不到 一千五 拿下 性价比,商品1.csv
1,其他特色： 显示效果： 通信音质：骁龙八红米骁龙，非常不错，屏幕非常清楚,2026年1月23日,"{'机身颜色': '汐月蓝', '套餐类型': '官方标配', '存储容量': '12GB+512GB'}",其他特色 显示效果 通信音质骁龙八红米骁龙非常不错屏幕非常清楚,其他 特色 显示 效果 通信 音质 骁龙八红米 骁龙 非常 不错 屏幕 非常 清楚,商品1.csv
1,红米k80颜值担当，手感好，拍照清晰，待机时间长。不错的货物体验。,2026年3月5日,"{'机身颜色': '雪岩白', '套餐类型': '官方标配', '存储容量': '12GB+256GB'}",红米颜值担当手感好拍照清晰待机时间长不错的货物体验,红米 颜值 担当 手感 拍照 清晰 待机时间 不错 货物 体验,商品1.csv
1,宝贝用的不错，物美价廉，实用方便，非常好用，产品质量好，物流时间快，与卖家描述一致，满意的一次购物体验,2026年3月1日,"{'机身颜色': '玄夜黑', '套餐类型': '官方标配', '存储容量': '12GB+256GB'}",宝贝用的不错物美价廉实用方便非常好用产品质量好物流时间快与卖家描述一致满意的一次购物体验,宝贝 不错 物美价廉 实用 方便 非常 好用 产品质量 物流 时间 卖家 描述 一致 满意 一次 购物 体验,商品1.csv
1,次日达！快递员当面开箱激活拍条码领取国补，手机是正品，非常不错！,2026年1月5日,"{'机身颜色': '山峦青', '套餐类型': '官方标配', '存储容量': '12GB+256GB'}",次日达快递员当面开箱激活拍条码领取国补手机是正品非常不错,次日 快递 当面 开箱 激活 条码 领取 国补 手机 正品 非常 不错,商品1.csv
1,物流很快，国补当面签收，手机运行速度很快，给老人家买的够用了！经济适用！,2026年1月19日,"{'机身颜色': '汐月蓝', '套餐类型': '官方标配', '存储容量': '16GB+256GB'}",物流很快国补当面签收手机运行速度很快给老人家买的够用了经济适用,物流 很快 国补 当面 签收 手机 运行 速度 很快 老人家 够用 经济 适用,商品1.csv
1,买给父母的手机，这样的很不错，屏幕清晰，系统流畅，希望能用久一点，挺不错的，价格也算优惠。,2026年1月30日,"{'机身颜色': '雪岩白', '套餐类型': '官方标配', '存储容量': '12GB+256GB'}",买给父母的手机这样的很不错屏幕清晰系统流畅希望能用久一点挺不错的价格也算优惠,父母 手机 这样 不错 屏幕 清晰 系统 流畅 希望 能用 一点 挺不错 价格 优惠,商品1.csv
1,用完国补后1610买的，12+256蛮合适的，这个电池容量大，处理器也挺好的，打游戏，王者，吃鸡也不卡，像素也完全够用，主要是电池充电给家里人买的很合适蛮推荐的，1600这个价格也不算高,2026年1月1日,"{'机身颜色': '玄夜黑', '套餐类型': '官方标配', '存储容量': '12GB+256GB'}",用完国补后买的蛮合适的这个电池容量大处理器也挺好的打游戏王者吃鸡也不卡像素也完全够用主要是电池充电给家里人买的很合适蛮推荐的这个价格也不算高,完国 补后 合适 这个 电池容量 处理器 打游戏 王者 不卡 像素 完全 够用 主要 电池 充电 家里人 合适 推荐 这个 价格 不算,商品1.csv
1,很流畅，手感很好，很有性价比。,2025年12月31日,"{'机身颜色': '雪岩白', '套餐类型': '官方标配', '存储容量': '12GB+512GB'}",很流畅手感很好很有性价比,流畅 手感 性价比,商品1.csv
1,一直用红米，这次特意搜了下 说这款神机还不错，到货了先用用看，外观颜色都可以,2026年2月5日,"{'机身颜色': '雪岩白', '套餐类型': '官方标配', '存储容量': '12GB+256GB'}",一直用红米这次特意搜了下 说这款神机还不错到货了先用用看外观颜色都可以,一直 用红米 这次 特意 这款 神机 不错 到货 先用 外观 颜色 可以,商品1.csv
1,非常满意！这次换了红米8k，主要是看中了他的电池大容量🥰1TB的内存，再也不怕下载新软件了！把我小米12Pro的软件全机转过来才占了六分之一不到！太厉害了吧！新手机用起来流畅不卡顿，超级快！拍照比之前的相机清晰多了，晚上拍照也很漂亮！喜欢！,2026年1月5日,"{'机身颜色': '汐月蓝', '套餐类型': '官方标配', '存储容量': '16GB+1024GB'}",非常满意这次换了红米主要是看中了他的电池大容量的内存再也不怕下载新软件了把我小米的软件全机转过来才占了六分之一不到太厉害了吧新手机用起来流畅不卡顿超级快拍照比之前的相机清晰多了晚上拍照也很漂亮喜欢,非常 满意 这次 红米 主要 看中 电池 大容量 内存 再也 不怕 下载 软件 小米 软件 转过 六分之一 不到 厉害 新手机 起来 流畅 不卡顿 超级 拍照 之前 相机 清晰 晚上 拍照 很漂亮 喜欢,商品1.csv
1,手机是正品，非常满意。下次还来买。,2026年2月4日,"{'机身颜色': '玄夜黑', '套餐类型': '官方标配', '存储容量': '16GB+256GB'}",手机是正品非常满意下次还来买,手机 正品 非常 满意 下次,商品1.csv
1,手机不错，用起来很顺滑，一般就刷刷短视频，不玩游戏，足够用！,2026年3月4日,"{'机身颜色': '雪岩白', '套餐类型': '官方标配', '存储容量': '12GB+256GB'}",手机不错用起来很顺滑一般就刷刷短视频不玩游戏足够用,手机 不错 起来 顺滑 一般 刷刷 视频 玩游戏 足够,商品1.csv
1,显示效果：色彩鲜艳视觉效果极佳 通信音质：性能和配置无可挑剔 其他特色：高性价比,2026年3月3日,"{'机身颜色': '玄夜黑', '套餐类型': '官方标配', '存储容量': '12GB+256GB'}",显示效果色彩鲜艳视觉效果极佳 通信音质性能和配置无可挑剔 其他特色高性价比,显示 效果 色彩鲜艳 视觉效果 极佳 通信 音质 性能 配置 无可挑剔 其他 特色 高性价比,商品1.csv
1,还是可以的。速度还是比较快的，玩游戏一点的也不卡。,2026年3月2日,"{'机身颜色': '雪岩白', '套餐类型': '官方标配', '存储容量': '12GB+256GB'}",还是可以的速度还是比较快的玩游戏一点的也不卡,还是 可以 速度 还是 比较 玩游戏 一点 不卡,商品1.csv
1,商品很好，物流也快，很满意的一次购物！,2026年2月27日,"{'机身颜色': '玄夜黑', '套餐类型': '官方标配', '存储容量': '12GB+256GB'}",商品很好物流也快很满意的一次购物,商品 物流 满意 一次 购物,商品1.csv
1,加上国补1600多就拿下了，性能很好，设计也好看，俩天就到货了很快，性价比很高开心。,2025年12月27日,"{'机身颜色': '雪岩白', '套餐类型': '官方标配', '存储容量': '12GB+256GB'}",加上国补多就拿下了性能很好设计也好看俩天就到货了很快性价比很高开心,加上 国补 拿下 性能 设计 好看 到货 很快 性价比 开心,商品1.csv
1,手机好用不卡顿，抢到国补优惠很多，下次再给儿子买一个,2026年1月29日,"{'机身颜色': '山峦青', '套餐类型': '官方标配', '存储容量': '12GB+256GB'}",手机好用不卡顿抢到国补优惠很多下次再给儿子买一个,手机 好用 不卡顿 国补 优惠 很多 下次 儿子 一个,商品1.csv
1,给老人买的 手机挺好看的性能也不错 适合老年人用 自带手机壳手机膜很方便拿到手直接就可以用了,2025年12月26日,"{'机身颜色': '雪岩白', '套餐类型': '官方标配', '存储容量': '12GB+256GB'}",给老人买的 手机挺好看的性能也不错 适合老年人用 自带手机壳手机膜很方便拿到手直接就可以用了,老人 手机 好看 性能 不错 适合 老年人 自带 手机 手机 方便 拿到 直接 可以,商品1.csv
1,手机收到了非常漂亮，用一段时间再评价,2026年2月14日,"{'机身颜色': '山峦青', '套餐类型': '官方标配', '存储容量': '12GB+256GB'}",手机收到了非常漂亮用一段时间再评价,手机 收到 非常 漂亮 一段时间 评价,商品1.csv
1,很哇塞，本来2340想买K90 看1624拿下12+512，性价比十足， 淘金币+国补+平台优惠,2026年2月11日,"{'机身颜色': '山峦青', '套餐类型': '官方标配', '存储容量': '12GB+512GB'}",很哇塞本来想买 看拿下性价比十足 淘金币国补平台优惠,哇塞 本来 拿下 性价比 十足 金币 国补 平台 优惠,商品1.csv
1,2167买的，不知道实体店啥价位，充电快，拍照清晰，我选的大内存，不喜欢手机边上的横杠，觉得丑，我照片视频多，就是云存贮空间不足，希望改善，存储还得花钱，头天下单，第二天就到了，总体好评，支持国产,2025年12月24日,"{'机身颜色': '雪岩白', '套餐类型': '官方标配', '存储容量': '16GB+512GB'}",买的不知道实体店啥价位充电快拍照清晰我选的大内存不喜欢手机边上的横杠觉得丑我照片视频多就是云存贮空间不足希望改善存储还得花钱头天下单第二天就到了总体好评支持国产,知道 实体店 价位 充电 拍照 清晰 我选 内存 喜欢 手机 边上 横杠 觉得 照片 视频 就是 存贮空间 不足 希望 改善 存储 花钱 天下 第二天 总体 好评 支持 国产,商品1.csv
1,国补买的，性价比高。 使用小米换机，旧换新也很方便。,2026年2月6日,"{'机身颜色': '汐月蓝', '套餐类型': '官方标配', '存储容量': '16GB+256GB'}",国补买的性价比高 使用小米换机旧换新也很方便,国补 性价比 使用 小米 换机 旧换 方便,商品1.csv
1,谢谢商家老师！货已收到！ 我在天津市河北区居住，第一天订的，第二天早上9点多钟，顺丰快递员就亲自送到了，而且当面开封、拍照、辅导开机。 手机做工很精细，设计很漂亮，功能很强大，反应很灵敏，操作很方便，续航时间很长，充电很快，只用了40分钟左右，系统升级也很方便，内置软件全面、实用。 这优秀的“小米手机”就是我们现实中，中国人民生活水平提高的表现之一，这归功于中国正确发展理念，归功于年轻人的伟大而美妙的创造力，想象力。 年轻人是祖国的希望！ 祝祖国繁荣昌盛，更加富强！,2025年12月16日,"{'机身颜色': '玄夜黑', '套餐类型': '官方标配', '存储容量': '12GB+256GB'}",谢谢商家老师货已收到 我在天津市河北区居住第一天订的第二天早上点多钟顺丰快递员就亲自送到了而且当面开封拍照辅导开机 手机做工很精细设计很漂亮功能很强大反应很灵敏操作很方便续航时间很长充电很快只用了分钟左右系统升级也很方便内置软件全面实用 这优秀的小米手机就是我们现实中中国人民生活水平提高的表现之一这归功于中国正确发展理念归功于年轻人的伟大而美妙的创造力想象力 年轻人是祖国的希望 祝祖国繁荣昌盛更加富强,谢谢 商家 老师 货已 收到 天津市 河北区 居住 第一天 第二天 早上 点多钟 顺丰 快递 亲自 送到 而且 当面 开封 拍照 辅导 开机 手机 做工 精细 设计 很漂亮 功能 强大 反应 灵敏 操作 方便 续航 时间 很长 充电 很快 只用 分钟 左右 系统升级 方便 内置 软件 全面 实用 优秀 小米 手机 就是 我们 现实 中国 人民 生活 水平 提高 表现 之一 归功于 中国 正确 发展 理念 归功于 年轻人 伟大 美妙 创造力 想象力 年轻人 祖国 希望 祖国 繁荣昌盛 更加 富强,商品1.csv
1,非常不错用起来很流畅充电也很快,2026年3月3日,"{'机身颜色': '雪岩白', '套餐类型': '官方标配', '存储容量': '12GB+256GB'}",非常不错用起来很流畅充电也很快,非常 不错 起来 流畅 充电 很快,商品1.csv
1,不错，收到了之后马上换上，现在体验一切顺利,2026年3月2日,"{'机身颜色': '雪岩白', '套餐类型': '官方标配', '存储容量': '12GB+256GB'}",不错收到了之后马上换上现在体验一切顺利,不错 收到 之后 马上 换上 现在 体验 一切顺利,商品1.csv
1,配送快，使用手感不错，送老人的，很合适,2026年3月2日,"{'机身颜色': '玄夜黑', '套餐类型': '官方标配', '存储容量': '16GB+256GB'}",配送快使用手感不错送老人的很合适,配送 使用 手感 不错 老人 合适,商品1.csv
1,物流很快，用着很好,2026年3月2日,"{'机身颜色': '玄夜黑', '套餐类型': '官方标配', '存储容量': '12GB+256GB'}",物流很快用着很好,物流 很快,商品1.csv
1,用着感觉还不错，很流畅，内存也大，可以推荐买,2026年2月28日,"{'机身颜色': '汐月蓝', '套餐类型': '官方标配', '存储容量': '12GB+256GB'}",用着感觉还不错很流畅内存也大可以推荐买,感觉 不错 流畅 内存 可以 推荐,商品1.csv
1,好看，适手，简单的镜头包裹，孩子喜欢。,2026年2月28日,"{'机身颜色': '雪岩白', '套餐类型': '官方标配', '存储容量': '16GB+1024GB'}",好看适手简单的镜头包裹孩子喜欢,好看 适手 简单 镜头 包裹 孩子 喜欢,商品1.csv
1,给儿砸买的，指定要这个型号，说班里都同学都在用这款,2026年2月27日,"{'机身颜色': '汐月蓝', '套餐类型': '官方标配', '存储容量': '12GB+512GB'}",给儿砸买的指定要这个型号说班里都同学都在用这款,指定 这个 型号 班里 同学 这款,商品1.csv
1,宝贝收到了，物美价廉，推荐大家购买,2025年12月25日,"{'机身颜色': '汐月蓝', '套餐类型': '官方标配', '存储容量': '16GB+256GB'}",宝贝收到了物美价廉推荐大家购买,宝贝 收到 物美价廉 推荐 大家 购买,商品1.csv
1,非常实惠，用完券才1000多，性价比比较高，适合日常实用,2026年2月22日,"{'机身颜色': '汐月蓝', '套餐类型': '官方标配', '存储容量': '12GB+256GB'}",非常实惠用完券才多性价比比较高适合日常实用,非常 实惠 完券 性价比 比较 适合 日常 实用,商品1.csv
-1,刚买来，不知道啥原因，用着就发烫 但里面的功能还是比较好用的，电池也挺耐用 就除了个别时候会发烫而已，其余的还行 还是挺实用的,2026年2月22日,"{'机身颜色': '汐月蓝', '套餐类型': '官方标配', '存储容量': '16GB+512GB'}",刚买来不知道啥原因用着就发烫 但里面的功能还是比较好用的电池也挺耐用 就除了个别时候会发烫而已其余的还行 还是挺实用的,买来 知道 原因 发烫 里面 功能 还是 比较 好用 电池 耐用 除了 个别 时候 会发 而已 其余 还行 还是 实用,商品1.csv
1, 通信音质：清晰 显示效果：好 其他特色：正品很满意,2025年12月30日,"{'机身颜色': '玄夜黑', '套餐类型': '官方标配', '存储容量': '12GB+256GB'}",通信音质清晰 显示效果好 其他特色正品很满意,通信 音质 清晰 显示 效果 其他 特色 正品 满意,商品1.csv
1,从K40升级到K80 一直信赖小米 ,2025年12月30日,"{'机身颜色': '山峦青', '套餐类型': '官方标配', '存储容量': '16GB+512GB'}",从升级到 一直信赖小米,升级 一直 信赖 小米,商品1.csv
1,这款产品颜值爆表，质量上乘，发货速度快，非常满意,2025年12月29日,"{'机身颜色': '山峦青', '套餐类型': '官方标配', '存储容量': '12GB+256GB'}",这款产品颜值爆表质量上乘发货速度快非常满意,产品 颜值 爆表 质量上乘 发货 速度 非常 满意,商品1.csv
1,哈哈哈到第一张照片 这么大的摄像头没白长！ 我终于换掉我砖头一样重的小米10了 这个机身轻了不少，小拇指再也不容易被压弯了 ,2026年1月14日,"{'机身颜色': '山峦青', '套餐类型': '官方标配', '存储容量': '16GB+1024GB'}",哈哈哈到第一张照片 这么大的摄像头没白长 我终于换掉我砖头一样重的小米了 这个机身轻了不少小拇指再也不容易被压弯了,哈哈哈 第一张 照片 这么 摄像头 没白长 终于 换掉 砖头 一样 小米 这个 机身 不少 小拇指 再也 容易 压弯,商品1.csv
1,这个价格比我们这边实体店便宜不少，体验感还不错，发货快，物流也快，次日就到了，好评,2026年2月12日,"{'机身颜色': '玄夜黑', '套餐类型': '官方标配', '存储容量': '16GB+512GB'}",这个价格比我们这边实体店便宜不少体验感还不错发货快物流也快次日就到了好评,这个 价格比 我们 这边 实体店 便宜 不少 体验 不错 发货 物流 次日 好评,商品1.csv
1,很好，手机很好看，打游戏很流畅，物流态度特别好，我地址填错了还给我打电话然后直接送到我家门口,2025年12月21日,"{'机身颜色': '雪岩白', '套餐类型': '官方标配', '存储容量': '12GB+512GB'}",很好手机很好看打游戏很流畅物流态度特别好我地址填错了还给我打电话然后直接送到我家门口,手机 好看 打游戏 流畅 物流 态度 特别 地址 填错 还给 打电话 然后 直接 送到 家门口,商品1.csv
1,还不错，划算,2026年1月22日,"{'机身颜色': '玄夜黑', '套餐类型': '官方标配', '存储容量': '12GB+256GB'}",还不错划算,不错 划算,商品1.csv
1,非常好。这个手机我很满意。操作非常顺滑，系统人性化。尤其是触屏震动手感👍,2026年1月22日,"{'机身颜色': '山峦青', '套餐类型': '官方标配', '存储容量': '16GB+256GB'}",非常好这个手机我很满意操作非常顺滑系统人性化尤其是触屏震动手感,非常 这个 手机 满意 操作 非常 顺滑 系统 人性化 尤其 触屏 震动 手感,商品1.csv
1,刚到手就迫不及待试用了，速度非常快，宝贝非常好,2026年1月22日,"{'机身颜色': '玄夜黑', '套餐类型': '官方标配', '存储容量': '12GB+256GB'}",刚到手就迫不及待试用了速度非常快宝贝非常好,到手 迫不及待 试用 速度 非常 宝贝 非常,商品1.csv
1,给老妈买的新手机！颜色喜欢，性能够用，流畅度没得说！希望可以用好几年！,2026年1月2日,"{'机身颜色': '汐月蓝', '套餐类型': '官方标配', '存储容量': '16GB+256GB'}",给老妈买的新手机颜色喜欢性能够用流畅度没得说希望可以用好几年,老妈 新手机 颜色 喜欢 能够 流畅 没得说 希望 可以 好几年,商品1.csv
1,该用户未填写评价内容,2026年2月6日,"{'机身颜色': '汐月蓝', '套餐类型': '官方标配', '存储容量': '16GB+512GB'}",该用户未填写评价内容,用户 未填写 评价 内容,商品1.csv
1,拍摄用的，主拍 4k 视频，是我需要的，性价比高。,2026年1月20日,"{'机身颜色': '玄夜黑', '套餐类型': '官方标配', '存储容量': '12GB+256GB'}",拍摄用的主拍  视频是我需要的性价比高,拍摄 主拍 视频 需要 性价比,商品1.csv
1,小米手机买了好几个了 给家人换了新的 很亲民 小米继续加油！,2026年1月16日,"{'机身颜色': '山峦青', '套餐类型': '官方标配', '存储容量': '12GB+256GB'}",小米手机买了好几个了 给家人换了新的 很亲民 小米继续加油,小米 手机 好几个 家人 亲民 小米 继续 加油,商品1.csv
1,服务态度非常好，产品性价比高，购物体验愉快，值得推荐！ ,2026年3月5日,"{'机身颜色': '玄夜黑', '套餐类型': '官方标配', '存储容量': '12GB+256GB'}",服务态度非常好产品性价比高购物体验愉快值得推荐,服务态度 非常 产品 性价比 购物 体验 愉快 值得 推荐,商品1.csv
1,机器性能很满，对非重度使用者来说，四五年没问题,2026年3月3日,"{'机身颜色': '玄夜黑', '套餐类型': '官方标配', '存储容量': '12GB+256GB'}",机器性能很满对非重度使用者来说四五年没问题,机器 性能 很满 重度 使用者 来说 四五年 问题,商品1.csv
1,可以挺好的给爸爸买的电池大耐用,2026年3月1日,"{'机身颜色': '汐月蓝', '套餐类型': '官方标配', '存储容量': '16GB+256GB'}",可以挺好的给爸爸买的电池大耐用,可以 爸爸 电池 耐用,商品1.csv
1,质量很好💯，颜值也是蛮高的✨，非常不错。,2026年2月28日,"{'机身颜色': '山峦青', '套餐类型': '官方标配', '存储容量': '12GB+256GB'}",质量很好颜值也是蛮高的非常不错,质量 颜值 蛮高 非常 不错,商品1.csv
1,颜色好看，使用很流畅，性价比高,2026年2月27日,"{'机身颜色': '汐月蓝', '套餐类型': '官方标配', '存储容量': '12GB+512GB'}",颜色好看使用很流畅性价比高,颜色 好看 使用 流畅 性价比,商品1.csv
1,通信音质：可以  其他特色：流畅  显示效果：可以的,2026年2月26日,"{'机身颜色': '玄夜黑', '套餐类型': '官方标配', '存储容量': '16GB+256GB'}",通信音质可以  其他特色流畅  显示效果可以的,通信 音质 可以 其他 特色 流畅 显示 效果 可以,商品1.csv
1,用了几天，很好用啊，内存选歌大的，很不错，一直在用红米，好像从米一开始用的，电池真的是太抗用了，非常适合我，,2026年2月24日,"{'机身颜色': '山峦青', '套餐类型': '官方标配', '存储容量': '16GB+1024GB'}",用了几天很好用啊内存选歌大的很不错一直在用红米好像从米一开始用的电池真的是太抗用了非常适合我,几天 内存 选歌 不错 一直 红米 好像 从米 开始 电池 真的 抗用 非常适合,商品1.csv
1,物流很快，1300公里48小时九到了 k80手感，外围配置也很强,2026年2月24日,"{'机身颜色': '玄夜黑', '套餐类型': '官方标配', '存储容量': '12GB+256GB'}",物流很快公里小时九到了 手感外围配置也很强,物流 很快 公里 小时 九到 手感 外围 配置,商品1.csv
1,好用价格划算性价比高不卡顿 颜色好看边框也好看,2026年1月5日,"{'机身颜色': '雪岩白', '套餐类型': '官方标配', '存储容量': '12GB+256GB'}",好用价格划算性价比高不卡顿 颜色好看边框也好看,好用 价格 划算 性价比 高不卡顿 颜色 好看 边框 好看,商品1.csv
1,红米K80很好，去年买的被压变形了，Sim卡接触不太好，所以又买了这个，是全新未激活的，比实体店便宜不少，非常满意。,2025年12月28日,"{'机身颜色': '玄夜黑', '套餐类型': '官方标配', '存储容量': '12GB+256GB'}",红米很好去年买的被压变形了卡接触不太好所以又买了这个是全新未激活的比实体店便宜不少非常满意,红米 去年 变形 接触 不太好 所以 这个 全新 未激活 实体店 便宜 不少 非常 满意,商品1.csv
1,手机的手感非常好，用起来非常流畅，价格也很适宜。,2026年1月14日,"{'机身颜色': '汐月蓝', '套餐类型': '官方标配', '存储容量': '12GB+256GB'}",手机的手感非常好用起来非常流畅价格也很适宜,手机 手感 非常 好用 起来 非常 流畅 价格 适宜,商品1.csv
1,好用，一家人都用小米的手机，靠谱！,2026年1月26日,"{'机身颜色': '雪岩白', '套餐类型': '官方标配', '存储容量': '16GB+256GB'}",好用一家人都用小米的手机靠谱,好用 一家人 小米 手机,商品1.csv
1,通信音质：好 其他特色：OK 显示效果：不错咯,2026年2月14日,"{'机身颜色': '汐月蓝', '套餐类型': '官方标配', '存储容量': '12GB+256GB'}",通信音质好 其他特色 显示效果不错咯,通信 音质 其他 特色 显示 效果 不错,商品1.csv
1,加上国补，史低价购买，手机性价比超高。 系统流畅好用，手机手感不错，电池大还轻薄。,2026年1月24日,"{'机身颜色': '山峦青', '套餐类型': '官方标配', '存储容量': '16GB+256GB'}",加上国补史低价购买手机性价比超高 系统流畅好用手机手感不错电池大还轻薄,加上 国补史 低价 购买 手机 性价比 超高 系统 流畅 好用 手机 手感 不错 电池 轻薄,商品1.csv
1,k40s退休，直接换到k80美滋滋，更流畅更好用了，点赞👍👍👍👍👍👍,2026年1月11日,"{'机身颜色': '玄夜黑', '套餐类型': '官方标配', '存储容量': '12GB+256GB'}",退休直接换到美滋滋更流畅更好用了点赞,退休 直接 美滋滋 流畅 更好 点赞,商品1.csv
1,挺好的，爸爸很满意。,2026年2月12日,"{'机身颜色': '玄夜黑', '套餐类型': '官方标配', '存储容量': '12GB+512GB'}",挺好的爸爸很满意,爸爸 满意,商品1.csv
1,这个价格还是很香的，手机性价比无敌，好评,2026年1月23日,"{'机身颜色': '汐月蓝', '套餐类型': '官方标配', '存储容量': '12GB+256GB'}",这个价格还是很香的手机性价比无敌好评,这个 价格 还是 很香 手机 性价比 无敌 好评,商品1.csv
1,东西挺好的，用了，是正品，牛*66666,2026年2月10日,"{'机身颜色': '玄夜黑', '套餐类型': '官方标配', '存储容量': '12GB+256GB'}",东西挺好的用了是正品牛,东西 正品,商品1.csv
1,物流很快，包装的很好，我妈还用的k70，两年了没啥问题，这次给我爸换了个k80，国补后挺划算的,2026年1月20日,"{'机身颜色': '汐月蓝', '套餐类型': '官方标配', '存储容量': '12GB+256GB'}",物流很快包装的很好我妈还用的两年了没啥问题这次给我爸换了个国补后挺划算的,物流 很快 包装 两年 问题 这次 爸换 国补后 划算,商品1.csv
1,买来给家里老人用的！流畅度和使用感反馈都很好，手机颜色也好看！,2026年2月6日,"{'机身颜色': '汐月蓝', '套餐类型': '官方标配', '存储容量': '12GB+256GB'}",买来给家里老人用的流畅度和使用感反馈都很好手机颜色也好看,买来 家里 老人 流畅 使用 反馈 手机 颜色 好看,商品1.csv
1,发货快，系统运行流畅，拍照也很清楚！,2025年12月23日,"{'机身颜色': '玄夜黑', '套餐类型': '官方标配', '存储容量': '12GB+256GB'}",发货快系统运行流畅拍照也很清楚,发货 系统 运行 流畅 拍照 清楚,商品1.csv
1,官方旗舰店买的还是很靠谱的。手机整体不错。512足够用了。正常使用用个几年不是问题,2026年1月31日,"{'机身颜色': '汐月蓝', '套餐类型': '官方标配', '存储容量': '12GB+512GB'}",官方旗舰店买的还是很靠谱的手机整体不错足够用了正常使用用个几年不是问题,官方 旗舰店 还是 手机 整体 不错 足够 正常 使用 用个 几年 不是 问题,商品1.csv
1,真不错，很好用！验机顺利，新手机上手很快,2026年1月15日,"{'机身颜色': '玄夜黑', '套餐类型': '官方标配', '存储容量': '12GB+512GB'}",真不错很好用验机顺利新手机上手很快,真不错 用验机 顺利 新手机 很快,商品1.csv
1,机身轻薄，功能使用。看了很多评价给老爸配置的，使用感受挺好！,2026年1月30日,"{'机身颜色': '汐月蓝', '套餐类型': '官方标配', '存储容量': '16GB+256GB'}",机身轻薄功能使用看了很多评价给老爸配置的使用感受挺好,机身 轻薄 功能 使用 很多 评价 老爸 配置 使用 感受,商品1.csv
1,画质很高，很好用的手机，非常好用,2026年1月30日,"{'机身颜色': '玄夜黑', '套餐类型': '官方标配', '存储容量': '12GB+256GB'}",画质很高很好用的手机非常好用,画质 手机 非常 好用,商品1.csv
1,目前用着还可以 给老父亲买的,2026年1月30日,"{'机身颜色': '玄夜黑', '套餐类型': '官方标配', '存储容量': '12GB+256GB'}",目前用着还可以 给老父亲买的,目前 可以 老父亲,商品1.csv
1,这次有国补，性价比就超高了,2026年1月30日,"{'机身颜色': '玄夜黑', '套餐类型': '官方标配', '存储容量': '16GB+256GB'}",这次有国补性价比就超高了,这次 有国补 性价比 超高,商品1.csv
1,非常迅速，全部都很满意。超级感谢客服和配送员。,2026年1月4日,"{'机身颜色': '雪岩白', '套餐类型': '官方标配', '存储容量': '16GB+256GB'}",非常迅速全部都很满意超级感谢客服和配送员,非常 迅速 全部 满意 超级 感谢 客服 配送,商品1.csv
1,老人家用的话，字体调到最大还是很有点小，需要用第三方的软件，其他的都还可以。,2026年1月29日,"{'机身颜色': '汐月蓝', '套餐类型': '官方标配', '存储容量': '12GB+512GB'}",老人家用的话字体调到最大还是很有点小需要用第三方的软件其他的都还可以,老人家 的话 字体 最大 还是 有点 需要 第三方 软件 其他 可以,商品1.csv
1,目前很满意，特意用几天来评价，快递小哥态度也很好，开机验机流程很流畅！,2026年1月28日,"{'机身颜色': '汐月蓝', '套餐类型': '官方标配', '存储容量': '16GB+1024GB'}",目前很满意特意用几天来评价快递小哥态度也很好开机验机流程很流畅,目前 满意 特意 几天 评价 快递 小哥 态度 开机 验机 流程 流畅,商品1.csv
1,还行吧，感觉和k60差不多，就是处理器是第三代，k60是第一代,2026年3月5日,"{'机身颜色': '雪岩白', '套餐类型': '官方标配', '存储容量': '12GB+512GB'}",还行吧感觉和差不多就是处理器是第三代是第一代,还行 感觉 差不多 就是 处理器 第三代 第一代,商品1.csv
1,不是自用，收到的人说打游戏蛮流程的，也没有网上说的那么多问题，总体挺好的,2026年3月3日,"{'机身颜色': '玄夜黑', '套餐类型': '官方标配', '存储容量': '12GB+256GB'}",不是自用收到的人说打游戏蛮流程的也没有网上说的那么多问题总体挺好的,不是 自用 收到 打游戏 流程 没有 网上 那么 问题 总体,商品1.csv
0,物流很快 发的顺丰 昨晚刚收到 实物看起来还可以 等用段时间再评价,2026年1月27日,"{'机身颜色': '汐月蓝', '套餐类型': '官方标配', '存储容量': '12GB+512GB'}",物流很快 发的顺丰 昨晚刚收到 实物看起来还可以 等用段时间再评价,物流 很快 顺丰 昨晚 收到 实物 看起来 可以 段时间 评价,商品1.csv
1,买的是正品，激活日期是最新的，安全下车，使用感良好,2026年1月27日,"{'机身颜色': '玄夜黑', '套餐类型': '官方标配', '存储容量': '16GB+512GB'}",买的是正品激活日期是最新的安全下车使用感良好,正品 激活 日期 最新 安全 下车 使用 良好,商品1.csv
1,物流很快，派送也快，国补价格便宜实惠，收货简单拍拍拍完事了！,2026年2月27日,"{'机身颜色': '雪岩白', '套餐类型': '官方标配', '存储容量': '12GB+512GB'}",物流很快派送也快国补价格便宜实惠收货简单拍拍拍完事了,物流 很快 派送 快国补 价格便宜 实惠 收货 简单 拍拍 完事,商品1.csv
1,给爸妈买的手机 一人一个 做了很多攻略感觉这个性价比不错,2026年2月26日,"{'机身颜色': '玄夜黑', '套餐类型': '官方标配', '存储容量': '12GB+256GB'}",给爸妈买的手机 一人一个 做了很多攻略感觉这个性价比不错,爸妈 手机 一人 一个 很多 攻略 感觉 这个 性价比 不错,商品1.csv
1,还行，就是玩游戏会发烫,2026年2月25日,"{'机身颜色': '山峦青', '套餐类型': '官方标配', '存储容量': '16GB+512GB'}",还行就是玩游戏会发烫,就是 玩游戏 会发,商品1.csv
1,不错，性价比很高。,2026年1月26日,"{'机身颜色': '玄夜黑', '套餐类型': '官方标配', '存储容量': '12GB+256GB'}",不错性价比很高,不错 性价比,商品1.csv
1,用起来很顺，操作无延迟。,2026年2月21日,"{'机身颜色': '雪岩白', '套餐类型': '官方标配', '存储容量': '16GB+512GB'}",用起来很顺操作无延迟,起来 操作 延迟,商品1.csv
1,该用户觉得商品非常好，给出5星好评,2026年1月25日,"{'机身颜色': '雪岩白', '套餐类型': '官方标配', '存储容量': '16GB+512GB'}",该用户觉得商品非常好给出星好评,用户 觉得 商品 非常 给出 好评,商品1.csv
1,国补价格真的很香 平时不打游戏 这款完全可以的   重量合适  手小的握着也可以 尺寸很合适  流畅度和按键也可   推荐,2026年1月10日,"{'机身颜色': '玄夜黑', '套餐类型': '官方标配', '存储容量': '12GB+256GB'}",国补价格真的很香 平时不打游戏 这款完全可以的   重量合适  手小的握着也可以 尺寸很合适  流畅度和按键也可   推荐,国补 价格 真的 很香 平时 打游戏 完全 可以 重量 合适 手小 可以 尺寸 合适 流畅 按键 推荐,商品1.csv
1,连手机壳都挺漂亮，大爱，很喜欢，物流也很快，,2025年12月6日,"{'机身颜色': '汐月蓝', '套餐类型': '官方标配', '存储容量': '16GB+256GB'}",连手机壳都挺漂亮大爱很喜欢物流也很快,手机 漂亮 大爱 喜欢 物流 很快,商品1.csv
1,性价比高，给父亲买的，父亲收到很高兴 ,2026年1月9日,"{'机身颜色': '山峦青', '套餐类型': '官方标配', '存储容量': '16GB+256GB'}",性价比高给父亲买的父亲收到很高兴,性价比 高给 父亲 父亲 收到 高兴,商品1.csv
1,加上国补，非常好,2026年1月9日,"{'机身颜色': '山峦青', '套餐类型': '官方标配', '存储容量': '12GB+256GB'}",加上国补非常好,加上 国补 非常,商品1.csv
1,商品质量上乘，服务态度极佳，购物体验非常满意，强烈推荐！ ,2026年1月22日,"{'机身颜色': '汐月蓝', '套餐类型': '官方标配', '存储容量': '12GB+256GB'}",商品质量上乘服务态度极佳购物体验非常满意强烈推荐,商品 质量上乘 服务态度 极佳 购物 体验 非常 满意 强烈推荐,商品1.csv
1,①外观看起来不错，但是送的手机壳是黑色的，套上就看不见手机后背漂亮的玻璃了，有点可惜。 ②性能还不错，目前日常办公没有卡顿，以后再测一下游戏性能。系统偶尔有点小bug，但不影响日常使用。某些如绿小鸟等等的app没法添加桌面组件，权限开了也不行，更新过app也不行，可能是兼容的问题。 ③充电很快，过程会有点微微发烫，电池容量也很大，但寿命怎样还未知。 ④前后置摄像头都中规中矩，相比其他机型和品牌不算太惊艳（也有可能是我没调校好），自带的图片编辑功能还是挺多的，比较方便。 别的用着还可以，目前还很正常，总结性价比还是非常不错的。,2025年12月1日,"{'机身颜色': '山峦青', '套餐类型': '官方标配', '存储容量': '12GB+512GB'}",外观看起来不错但是送的手机壳是黑色的套上就看不见手机后背漂亮的玻璃了有点可惜 性能还不错目前日常办公没有卡顿以后再测一下游戏性能系统偶尔有点小但不影响日常使用某些如绿小鸟等等的没法添加桌面组件权限开了也不行更新过也不行可能是兼容的问题 充电很快过程会有点微微发烫电池容量也很大但寿命怎样还未知 前后置摄像头都中规中矩相比其他机型和品牌不算太惊艳也有可能是我没调校好自带的图片编辑功能还是挺多的比较方便 别的用着还可以目前还很正常总结性价比还是非常不错的,外观 看起来 不错 但是 手机 黑色 看不见 手机 后背 漂亮 玻璃 有点 可惜 性能 不错 目前 日常 办公 没有 卡顿 以后 再测 一下 游戏 性能 系统 偶尔 有点 影响 日常 使用 某些 如绿 小鸟 等等 没法 添加 桌面 组件 权限 不行 更新 不行 可能 兼容 问题 充电 很快 过程 有点 微微 发烫 电池容量 很大 寿命 怎样 未知 前后 摄像头 中规中矩 相比 其他 机型 品牌 不算 惊艳 可能 调校 自带 图片 编辑 功能 还是 比较 方便 别的 可以 目前 正常 总结 性价比 还是 非常 不错,商品1.csv
1,收到货好几天了，今天刚开始用，还不错，还在摸索,2026年2月11日,"{'机身颜色': '山峦青', '套餐类型': '官方标配', '存储容量': '16GB+256GB'}",收到货好几天了今天刚开始用还不错还在摸索,收到 货好 几天 今天 开始 不错 摸索,商品1.csv
1,屏幕有时候会莫名其妙翻转。 无限暖暖2.0更新之后打这个游戏就会很烫。耗电也非常快。打三四个小时就要充两次。 其他游戏五六个小时都是可以从七十度电玩到二十。 值得一提的是充电速度非常快。 如果不打游戏。平时看看小说刷刷抖音用一天是没问题,2025年12月5日,"{'机身颜色': '雪岩白', '套餐类型': '官方标配', '存储容量': '16GB+1024GB'}",屏幕有时候会莫名其妙翻转 无限暖暖更新之后打这个游戏就会很烫耗电也非常快打三四个小时就要充两次 其他游戏五六个小时都是可以从七十度电玩到二十 值得一提的是充电速度非常快 如果不打游戏平时看看小说刷刷抖音用一天是没问题,屏幕 有时候 莫名其妙 翻转 无限 更新 之后 这个 游戏 耗电 非常 三四个 小时 就要 两次 其他 游戏 五六个 小时 可以 七十 电玩 二十 值得一提的是 充电 速度 非常 如果 打游戏 平时 看看 小说 刷刷 抖音 一天 问题,商品1.csv
1,手机很好，很棒，性价比很高，客服小姐姐很耐心，售后处理的非常棒，请务必给他加工资,2025年12月15日,"{'机身颜色': '汐月蓝', '套餐类型': '官方标配', '存储容量': '16GB+1024GB'}",手机很好很棒性价比很高客服小姐姐很耐心售后处理的非常棒请务必给他加工资,手机 很棒 性价比 客服 小姐姐 耐心 售后 处理 非常 务必 加工资,商品1.csv
1,非常顺滑好用，物美价廉，值得入手,2026年2月9日,"{'机身颜色': '汐月蓝', '套餐类型': '官方标配', '存储容量': '12GB+256GB'}",非常顺滑好用物美价廉值得入手,非常 顺滑 好用 物美价廉 值得 入手,商品1.csv
1,非常好用，国货之光，性价比之王,2026年2月9日,"{'机身颜色': '山峦青', '套餐类型': '官方标配', '存储容量': '12GB+256GB'}",非常好用国货之光性价比之王,非常 好用 国货 之光 性价比 之王,商品1.csv
1,物流很快，包装完整无破损，是正品有保证,2025年12月21日,"{'机身颜色': '玄夜黑', '套餐类型': '官方标配', '存储容量': '16GB+256GB'}",物流很快包装完整无破损是正品有保证,物流 很快 包装 完整 破损 正品 保证,商品1.csv
1,国补买手机就是方便。这个价格当个备用机确实不错,2026年2月8日,"{'机身颜色': '山峦青', '套餐类型': '官方标配', '存储容量': '16GB+512GB'}",国补买手机就是方便这个价格当个备用机确实不错,国补 买手机 就是 方便 这个 价格 备用机 确实 不错,商品1.csv
1,手机很漂亮，买给老婆的，老婆很喜欢,2025年12月20日,"{'机身颜色': '汐月蓝', '套餐类型': '官方标配', '存储容量': '12GB+256GB'}",手机很漂亮买给老婆的老婆很喜欢,手机 很漂亮 老婆 老婆 喜欢,商品1.csv
1,很丝滑，性能确实不错，价格现在加上国补和平台补贴确实性价比很高，值得买。,2026年2月5日,"{'机身颜色': '汐月蓝', '套餐类型': '官方标配', '存储容量': '12GB+256GB'}",很丝滑性能确实不错价格现在加上国补和平台补贴确实性价比很高值得买,很丝滑 性能 确实 不错 价格 现在 加上 国补 平台 补贴 确实 性价比 值得,商品1.csv
1,性价比无敌（1400入的）王者可以120帧。,2026年2月4日,"{'机身颜色': '雪岩白', '套餐类型': '官方标配', '存储容量': '12GB+256GB'}",性价比无敌入的王者可以帧,性价比 无敌 王者 可以,商品1.csv
1,给小孩用的，还是挺流畅的，孩子玩游戏无障碍！,2026年2月4日,"{'机身颜色': '汐月蓝', '套餐类型': '官方标配', '存储容量': '12GB+256GB'}",给小孩用的还是挺流畅的孩子玩游戏无障碍,小孩 还是 流畅 孩子 玩游戏 无障碍,商品1.csv
1,红米K80手机流畅度不错，屏幕大小适中，偏小一点，不会厚重。 一些不足之处是：电池容量不太大，感觉也不太耐电；一些功能不太先进和完善，比如相册方面，视频没有截图功能，播放之后没有删除键，要退出返回才有；还有一些功能也比较落后；手机比较容易发烫，尤其是天气热的时候吧，但是我是普通使用，不玩游戏就还好。 手机上市后一年左右买的，价格比较便宜一点吧。,2025年12月3日,"{'机身颜色': '雪岩白', '套餐类型': '官方标配', '存储容量': '12GB+512GB'}",红米手机流畅度不错屏幕大小适中偏小一点不会厚重 一些不足之处是电池容量不太大感觉也不太耐电一些功能不太先进和完善比如相册方面视频没有截图功能播放之后没有删除键要退出返回才有还有一些功能也比较落后手机比较容易发烫尤其是天气热的时候吧但是我是普通使用不玩游戏就还好 手机上市后一年左右买的价格比较便宜一点吧,红米 手机 流畅 不错 屏幕 大小 适中 偏小 一点 不会 厚重 一些 不足之处 电池容量 不太大 感觉 不太耐电 一些 功能 不太 先进 完善 比如 相册 方面 视频 没有 截图 功能 播放 之后 没有 删除 键要 退出 返回 还有 一些 功能 比较落后 手机 比较 容易 发烫 尤其 天气 时候 但是 普通 使用 玩游戏 还好 手机 上市 一年 左右 价格 比较 便宜 一点,商品1.csv
1,一直使用红米，国补后1千4百多，第三天就到了，价格便宜，性价比高。,2026年2月3日,"{'机身颜色': '玄夜黑', '套餐类型': '官方标配', '存储容量': '12GB+256GB'}",一直使用红米国补后千百多第三天就到了价格便宜性价比高,一直 使用 红米国 补后 千百 第三天 价格便宜 性价比,商品1.csv
1,一直用小米红米，还有前年买的红米note12t，家里人也在用,2026年2月2日,"{'机身颜色': '雪岩白', '套餐类型': '官方标配', '存储容量': '12GB+256GB'}",一直用小米红米还有前年买的红米家里人也在用,一直 小米 红米 还有 前年 红米 家里人,商品1.csv
1,老妈用着还行，挺流畅的，希望能用个7-8年，不出问题就最好了。,2026年2月2日,"{'机身颜色': '玄夜黑', '套餐类型': '官方标配', '存储容量': '12GB+256GB'}",老妈用着还行挺流畅的希望能用个年不出问题就最好了,老妈 还行 流畅 希望 能用 不出 问题 最好,商品1.csv
1,手机很不错，很有分量，入手冰冰凉凉的。送的手机壳手感很不错，就是后摄像头太大了，感觉保护不了摄像头的玻璃。所以重新买了个手机壳。,2025年12月12日,"{'机身颜色': '山峦青', '套餐类型': '官方标配', '存储容量': '12GB+256GB'}",手机很不错很有分量入手冰冰凉凉的送的手机壳手感很不错就是后摄像头太大了感觉保护不了摄像头的玻璃所以重新买了个手机壳,手机 不错 分量 入手 冰冰凉凉 手机 手感 不错 就是 摄像头 太大 感觉 保护 不了 摄像头 玻璃 所以 重新 手机,商品1.csv
1,用了一个星期才来评价，目前没有什么问题，可能是没有试过大游戏，只是刷视频玩支付宝小程序游戏，没有卡顿现象，买回来先升级系统到3.0.4.0，没出现高温现象，没有对比性，不确定升级系统是不是越升越好用。目前看没有问题，给好评了。后面用段时间再追评吧！,2025年12月25日,"{'机身颜色': '汐月蓝', '套餐类型': '官方标配', '存储容量': '12GB+256GB'}",用了一个星期才来评价目前没有什么问题可能是没有试过大游戏只是刷视频玩支付宝小程序游戏没有卡顿现象买回来先升级系统到没出现高温现象没有对比性不确定升级系统是不是越升越好用目前看没有问题给好评了后面用段时间再追评吧,一个 星期 评价 目前 没有 什么 问题 可能 没有 试过 游戏 只是 视频 支付宝 程序 游戏 没有 卡顿 现象 买回来 升级 系统 出现 高温 现象 没有 对比性 确定 升级 系统 是不是 越升 目前 没有 问题 好评 后面 段时间 追评,商品1.csv
1,挺好的，买给老人家用，国补优惠些，好评,2026年1月1日,"{'机身颜色': '雪岩白', '套餐类型': '官方标配', '存储容量': '12GB+256GB'}",挺好的买给老人家用国补优惠些好评,老人家 用国补 优惠 好评,商品1.csv
1,手机外观好看，信号太好了，电池也非常经用,2026年1月1日,"{'机身颜色': '汐月蓝', '套餐类型': '官方标配', '存储容量': '12GB+256GB'}",手机外观好看信号太好了电池也非常经用,手机 外观 好看 信号 太好了 电池 非常 经用,商品1.csv
1,发货很快，昨天下单，今天就收到了，至于手机，使用一段时间再来评价,2026年1月12日,"{'机身颜色': '玄夜黑', '套餐类型': '官方标配', '存储容量': '16GB+512GB'}",发货很快昨天下单今天就收到了至于手机使用一段时间再来评价,发货 很快 昨天 下单 今天 收到 至于 手机 使用 一段时间 评价,商品1.csv
1,不愧销量这么高呀，裸机也挺好看的。玩光遇很流畅。音质一般，但是一千七我还要啥啊,2025年12月16日,"{'机身颜色': '汐月蓝', '套餐类型': '官方标配', '存储容量': '12GB+256GB'}",不愧销量这么高呀裸机也挺好看的玩光遇很流畅音质一般但是一千七我还要啥啊,不愧 销量 这么 裸机 好看 玩光遇 流畅 音质 一般 但是 一千 还要,商品1.csv
1,不错不错，给我妈买的，跟我的K80Pro速度差不多，电池比我的抗用。,2025年12月22日,"{'机身颜色': '雪岩白', '套餐类型': '官方标配', '存储容量': '12GB+256GB'}",不错不错给我妈买的跟我的速度差不多电池比我的抗用,不错 不错 速度 差不多 电池 抗用,商品1.csv
1,很流畅，送货上门，次日到,2025年12月15日,"{'机身颜色': '山峦青', '套餐类型': '官方标配', '存储容量': '16GB+256GB'}",很流畅送货上门次日到,流畅 送货上门 次日,商品1.csv
1,物流很快，一天就送到了，用了国补很划算,2026年1月10日,"{'机身颜色': '汐月蓝', '套餐类型': '官方标配', '存储容量': '12GB+256GB'}",物流很快一天就送到了用了国补很划算,物流 很快 一天 送到 国补 划算,商品1.csv
1,质量好，使用也流畅,2026年3月2日,"{'机身颜色': '汐月蓝', '套餐类型': '官方标配', '存储容量': '12GB+256GB'}",质量好使用也流畅,质量 使用 流畅,商品1.csv
1,非常满意 一切正常 正品 好评哦,2025年12月30日,"{'机身颜色': '雪岩白', '套餐类型': '官方标配', '存储容量': '12GB+256GB'}",非常满意 一切正常 正品 好评哦,非常 满意 一切正常 正品 好评,商品1.csv
1,小米手机依旧好，手机也非常好看,2026年3月1日,"{'机身颜色': '雪岩白', '套餐类型': '官方标配', '存储容量': '12GB+256GB'}",小米手机依旧好手机也非常好看,小米 手机 依旧 手机 非常 好看,商品1.csv
1,买给老**，手机不错，物流很快,2026年2月28日,"{'机身颜色': '雪岩白', '套餐类型': '官方标配', '存储容量': '12GB+256GB'}",买给老手机不错物流很快,手机 不错 物流 很快,商品1.csv
1,太好用了，又好看,2026年2月26日,"{'机身颜色': '汐月蓝', '套餐类型': '官方标配', '存储容量': '12GB+256GB'}",太好用了又好看,太好 好看,商品1.csv
1,还不错，买给老爸用，平时听听书，功能足够了,2026年1月24日,"{'机身颜色': '汐月蓝', '套餐类型': '官方标配', '存储容量': '16GB+256GB'}",还不错买给老爸用平时听听书功能足够了,不错 老爸 平时 听听 功能 足够,商品1.csv
1,物流超快，手机小米出品必属精品！！！,2026年2月25日,"{'机身颜色': '汐月蓝', '套餐类型': '官方标配', '存储容量': '12GB+512GB'}",物流超快手机小米出品必属精品,物流 超快 手机 小米 出品 必属 精品,商品1.csv
1,ok啊牛*克拉斯买下k80了，感谢国补,2026年2月24日,"{'机身颜色': '玄夜黑', '套餐类型': '官方标配', '存储容量': '12GB+512GB'}",啊牛克拉斯买下了感谢国补,克拉斯 买下 感谢 国补,商品1.csv
1,极具性价比，配置也0K，一如既往的支持小米红米！ ,2025年12月21日,"{'机身颜色': '山峦青', '套餐类型': '官方标配', '存储容量': '16GB+256GB'}",极具性价比配置也一如既往的支持小米红米,极具 性价比 配置 一如既往 支持 小米 红米,商品1.csv
1,有国补价格实惠,2026年2月23日,"{'机身颜色': '汐月蓝', '套餐类型': '官方标配', '存储容量': '12GB+256GB'}",有国补价格实惠,有国补 价格 实惠,商品1.csv
1,一直用的小米，这次买个红米用，丝滑流畅，电池耐用,2025年12月29日,"{'机身颜色': '玄夜黑', '套餐类型': '官方标配', '存储容量': '12GB+256GB'}",一直用的小米这次买个红米用丝滑流畅电池耐用,一直 小米 这次 买个 红米用 丝滑 流畅 电池 耐用,商品1.csv
1,买错了，以为K80是最新款，想不到有K90了，也不错，老人用用也够了，价格也很香。,2026年2月19日,"{'机身颜色': '汐月蓝', '套餐类型': '官方标配', '存储容量': '16GB+256GB'}",买错了以为是最新款想不到有了也不错老人用用也够了价格也很香,买错 以为 最新款 想不到 不错 老人 用用 价格,商品1.csv
1,这个已经买了3次了。性能好，已经给家里人全换了,2026年1月22日,"{'机身颜色': '雪岩白', '套餐类型': '官方标配', '存储容量': '12GB+256GB'}",这个已经买了次了性能好已经给家里人全换了,这个 已经 性能 已经 家里人 全换,商品1.csv
1,非常好，给老妈换的，十分好用,2026年2月18日,"{'机身颜色': '汐月蓝', '套餐类型': '官方标配', '存储容量': '12GB+256GB'}",非常好给老妈换的十分好用,非常 老妈 十分 好用,商品1.csv
1,物流超级快，用几天看看效果，目前感觉状态良好！,2026年1月20日,"{'机身颜色': '玄夜黑', '套餐类型': '官方标配', '存储容量': '16GB+512GB'}",物流超级快用几天看看效果目前感觉状态良好,物流 超级 快用 几天 看看 效果 目前 感觉 状态 良好,商品1.csv
1,挺好的，就是屏幕颜色有点淡，色彩没那么鲜艳。,2026年1月19日,"{'机身颜色': '汐月蓝', '套餐类型': '官方标配', '存储容量': '12GB+256GB'}",挺好的就是屏幕颜色有点淡色彩没那么鲜艳,就是 屏幕 颜色 有点 色彩 那么 鲜艳,商品1.csv
1,目前还不错，价格有点小贵，期待耐久性,2026年1月5日,"{'机身颜色': '山峦青', '套餐类型': '官方标配', '存储容量': '12GB+256GB'}",目前还不错价格有点小贵期待耐久性,目前 不错 价格 有点 小贵 期待 耐久性,商品1.csv
1,还挺好用的，，很喜欢😍,2025年12月18日,"{'机身颜色': '山峦青', '套餐类型': '官方标配', '存储容量': '12GB+256GB'}",还挺好用的很喜欢,挺好用 喜欢,商品1.csv
1,现在入手性价比拉满 国补 以旧换新 到手九百出头 完美,2026年1月4日,"{'机身颜色': '玄夜黑', '套餐类型': '官方标配', '存储容量': '12GB+256GB'}",现在入手性价比拉满 国补 以旧换新 到手九百出头 完美,现在 入手 性价比 拉满 国补 以旧换新 到手 九百 出头 完美,商品1.csv
1,很不错的手机，机身外形，材料，功能，性价比都很好,2026年1月4日,"{'机身颜色': '玄夜黑', '套餐类型': '官方标配', '存储容量': '12GB+512GB'}",很不错的手机机身外形材料功能性价比都很好,不错 手机 机身 外形 材料 功能 性价比,商品1.csv
1,米粉就喜欢小米的手机！喜欢小米的系统，喜欢小米的设计！质量不错价格实惠！功能强大,2025年12月17日,"{'机身颜色': '雪岩白', '套餐类型': '官方标配', '存储容量': '16GB+512GB'}",米粉就喜欢小米的手机喜欢小米的系统喜欢小米的设计质量不错价格实惠功能强大,米粉 喜欢 小米 手机 喜欢 小米 系统 喜欢 小米 设计 质量 不错 价格 实惠 功能强大,商品1.csv
1,使用感觉还不错 很流畅。小爱童鞋蛮有用的。,2026年1月16日,"{'机身颜色': '雪岩白', '套餐类型': '官方标配', '存储容量': '16GB+256GB'}",使用感觉还不错 很流畅小爱童鞋蛮有用的,使用 感觉 不错 流畅 小爱 童鞋 有用,商品1.csv
1,运行流畅不卡顿，充电速度比较快。,2025年12月24日,"{'机身颜色': '雪岩白', '套餐类型': '官方标配', '存储容量': '12GB+256GB'}",运行流畅不卡顿充电速度比较快,运行 流畅 不卡顿 充电 速度 比较,商品1.csv
1,还行吧，用惯了还可以 我不打游戏，上上网。性能足够足够了，哎呀，可惜屏幕能够升级就好了 ,2025年12月9日,"{'机身颜色': '山峦青', '套餐类型': '官方标配', '存储容量': '16GB+256GB'}",还行吧用惯了还可以 我不打游戏上上网性能足够足够了哎呀可惜屏幕能够升级就好了,还行 用惯 可以 打游戏 上上网 性能 足够 足够 哎呀 可惜 屏幕 能够 升级,商品1.csv
1,价格实惠，到货很快。,2026年1月14日,"{'机身颜色': '山峦青', '套餐类型': '官方标配', '存储容量': '12GB+512GB'}",价格实惠到货很快,价格 实惠 到货 很快,商品1.csv
1,不错，前天晚上下单，第二天一早就到了。手机也不错，很有份量感,2026年1月14日,"{'机身颜色': '汐月蓝', '套餐类型': '官方标配', '存储容量': '12GB+512GB'}",不错前天晚上下单第二天一早就到了手机也不错很有份量感,不错 前天 晚上 下单 第二天 早就 手机 不错 份量,商品1.csv
1,去店里试用了一下挺好的，实体价格贵个两百的样子,2025年12月15日,"{'机身颜色': '玄夜黑', '套餐类型': '官方标配', '存储容量': '16GB+256GB'}",去店里试用了一下挺好的实体价格贵个两百的样子,店里 试用 一下 实体 价格 贵个 两百 样子,商品1.csv
1,用了四年k50，终于换心机。心机用起来很丝滑！因为小米互传软件信息直接同步，用着很舒服,2025年12月15日,"{'机身颜色': '汐月蓝', '套餐类型': '官方标配', '存储容量': '16GB+512GB'}",用了四年终于换心机心机用起来很丝滑因为小米互传软件信息直接同步用着很舒服,四年 终于 心机 心机 起来 很丝滑 因为 小米 互传 软件 信息 直接 同步 舒服,商品1.csv
1,给老人买的，姥姥用着很开心。,2026年2月2日,"{'机身颜色': '山峦青', '套餐类型': '官方标配', '存储容量': '12GB+256GB'}",给老人买的姥姥用着很开心,老人 姥姥 开心,商品1.csv
1,不错，加上国补还是比较划算的…… ,2026年2月1日,"{'机身颜色': '雪岩白', '套餐类型': '官方标配', '存储容量': '12GB+256GB'}",不错加上国补还是比较划算的,不错 加上 国补 还是 比较 划算,商品1.csv
1,经过几天使用，手机很流畅，性价比高,2026年2月1日,"{'机身颜色': '雪岩白', '套餐类型': '官方标配', '存储容量': '12GB+256GB'}",经过几天使用手机很流畅性价比高,经过 几天 使用 手机 流畅 性价比,商品1.csv
1,这款真的太好用了，操作简单上手快，颜值还很高，用了几天体验感满分，完全不输大牌，会无限回购的！,2025年12月22日,"{'机身颜色': '雪岩白', '套餐类型': '官方标配', '存储容量': '12GB+256GB'}",这款真的太好用了操作简单上手快颜值还很高用了几天体验感满分完全不输大牌会无限回购的,真的 太好 操作 简单 手快 颜值 高用 几天 体验 满分 完全 不输 大牌 无限 回购,商品1.csv
1,手机耗电量打游戏可以支持5小时，非常流畅不卡顿，音质也很好,2025年12月31日,"{'机身颜色': '汐月蓝', '套餐类型': '官方标配', '存储容量': '12GB+256GB'}",手机耗电量打游戏可以支持小时非常流畅不卡顿音质也很好,手机 耗电量 打游戏 可以 支持 小时 非常 流畅 不卡顿 音质,商品1.csv
1,初步使用还好。。。。。。。。。。。。,2026年1月30日,"{'机身颜色': '雪岩白', '套餐类型': '官方标配', '存储容量': '16GB+512GB'}",初步使用还好,初步 使用 还好,商品1.csv
1,运行快，不卡顿，拍照不错,2026年1月11日,"{'机身颜色': '玄夜黑', '套餐类型': '官方标配', '存储容量': '16GB+512GB'}",运行快不卡顿拍照不错,运行 不卡顿 拍照 不错,商品1.csv
1,可以的，手感非常不错，我们老板偷偷趁我不在老是摸我手机,2026年1月11日,"{'机身颜色': '雪岩白', '套餐类型': '官方标配', '存储容量': '12GB+512GB'}",可以的手感非常不错我们老板偷偷趁我不在老是摸我手机,可以 手感 非常 不错 我们 老板 偷偷 手机,商品1.csv
1,质量不错，用后在来追评,2026年1月29日,"{'机身颜色': '雪岩白', '套餐类型': '官方标配', '存储容量': '16GB+512GB'}",质量不错用后在来追评,质量 不错 用后 追评,商品1.csv
1,挺好的，趁便宜入手了 ,2026年1月29日,"{'机身颜色': '玄夜黑', '套餐类型': '官方标配', '存储容量': '12GB+256GB'}",挺好的趁便宜入手了,便宜 入手,商品1.csv
1,"一直都在使用小米手机,从k80目前表现上看质量还是可以的,随机赠有手机壳与膜,很贴心.只是随机赠送的手机卡不知道怎么样,目前还在体验中.希望一切正常.",2025年11月15日,"{'机身颜色': '雪岩白', '套餐类型': '官方标配', '存储容量': '12GB+256GB'}",一直都在使用小米手机从目前表现上看质量还是可以的随机赠有手机壳与膜很贴心只是随机赠送的手机卡不知道怎么样目前还在体验中希望一切正常,一直 使用 小米 手机 目前 表现 质量 还是 可以 随机 赠有 手机 贴心 只是 随机 赠送 手机卡 知道 怎么样 目前 体验 希望 一切正常,商品1.csv
1,质量不错，一直在用红米手机。真心喜欢。,2025年12月29日,"{'机身颜色': '雪岩白', '套餐类型': '官方标配', '存储容量': '16GB+512GB'}",质量不错一直在用红米手机真心喜欢,质量 不错 一直 红米 手机 真心 喜欢,商品1.csv
1,好用，  显示效果：屏幕很清晰，有高刷  ,2026年1月9日,"{'机身颜色': '山峦青', '套餐类型': '官方标配', '存储容量': '12GB+256GB'}",好用  显示效果屏幕很清晰有高刷,好用 显示 效果 屏幕 清晰 高刷,商品1.csv
1,手机还可以，用起来顺畅,2026年1月26日,"{'机身颜色': '玄夜黑', '套餐类型': '官方标配', '存储容量': '12GB+256GB'}",手机还可以用起来顺畅,手机 可以 起来 顺畅,商品1.csv
1,手感杠杠滴，性价比超高 ,2026年1月26日,"{'机身颜色': '玄夜黑', '套餐类型': '官方标配', '存储容量': '16GB+256GB'}",手感杠杠滴性价比超高,手感 杠杠 性价比 超高,商品1.csv
1,给我妈买的，我妈说拍照比她之前那个部强太多了。不过我妈之前那部用了 6 年多了，肯定没法和这个比😂  ，手机整体性价比还是非常不错的,2026年1月25日,"{'机身颜色': '雪岩白', '套餐类型': '官方标配', '存储容量': '12GB+256GB'}",给我妈买的我妈说拍照比她之前那个部强太多了不过我妈之前那部用了  年多了肯定没法和这个比  手机整体性价比还是非常不错的,拍照 之前 那个 部强 太多 不过 我妈 之前 那部用 肯定 没法 这个 手机 整体 性价比 还是 非常 不错,商品1.csv
1,物流很快，中午下单晚上到,2026年1月25日,"{'机身颜色': '雪岩白', '套餐类型': '官方标配', '存储容量': '16GB+256GB'}",物流很快中午下单晚上到,物流 很快 中午 下单 晚上,商品1.csv
1,宝贝收到后很满意，外形颜色也很喜欢，挑选好多家，果然没看错，希望把好物分享给大家☺️,2025年11月25日,"{'机身颜色': '汐月蓝', '套餐类型': '官方标配', '存储容量': '12GB+256GB'}",宝贝收到后很满意外形颜色也很喜欢挑选好多家果然没看错希望把好物分享给大家,宝贝 收到 满意 外形 颜色 喜欢 挑选 多家 果然 没看 希望 好物 分享 大家,商品1.csv
1,小米的性价比向来都是不错的，之前用的也是小米，但是因为东西太多，内存不够了，所以现在换了一个更大内存的，反正支持小米,2025年12月11日,"{'机身颜色': '玄夜黑', '套餐类型': '官方标配', '存储容量': '12GB+512GB'}",小米的性价比向来都是不错的之前用的也是小米但是因为东西太多内存不够了所以现在换了一个更大内存的反正支持小米,小米 性价比 向来都是 不错 之前 小米 但是 因为 东西 内存 不够 所以 现在 一个 更大 内存 反正 支持 小米,商品1.csv
1,手机质感不错，挺好的，买给婆婆用的，很流畅,2025年12月18日,"{'机身颜色': '山峦青', '套餐类型': '官方标配', '存储容量': '12GB+256GB'}",手机质感不错挺好的买给婆婆用的很流畅,手机 质感 不错 婆婆 流畅,商品1.csv
1,很好，还有补贴，运行速度，很喜欢这个设置，都可以操作,2025年12月4日,"{'机身颜色': '雪岩白', '套餐类型': '官方标配', '存储容量': '16GB+256GB'}",很好还有补贴运行速度很喜欢这个设置都可以操作,还有 补贴 运行 速度 喜欢 这个 设置 可以 操作,商品1.csv
0,手机用着还不错的,2026年3月2日,"{'机身颜色': '雪岩白', '套餐类型': '官方标配', '存储容量': '12GB+512GB'}",手机用着还不错的,手机 不错,商品1.csv
1,感觉灰常不错，国补后很有性价比，必须五星好评。,2026年2月28日,"{'机身颜色': '汐月蓝', '套餐类型': '官方标配', '存储容量': '12GB+256GB'}",感觉灰常不错国补后很有性价比必须五星好评,感觉 灰常 不错 国补后 性价比 必须 五星 好评,商品1.csv
1,优惠力度可以！,2026年2月28日,"{'机身颜色': '汐月蓝', '套餐类型': '官方标配', '存储容量': '12GB+256GB'}",优惠力度可以,优惠 力度 可以,商品1.csv
1,很好哦，家人很喜欢，外观设计很漂亮，物流很快，小米大品牌就是好，值得信赖，下次还会再买真的很好的一款手机，游戏很流畅，什么3d游戏都非常流畅。,2025年12月3日,"{'机身颜色': '玄夜黑', '套餐类型': '官方标配', '存储容量': '12GB+256GB'}",很好哦家人很喜欢外观设计很漂亮物流很快小米大品牌就是好值得信赖下次还会再买真的很好的一款手机游戏很流畅什么游戏都非常流畅,家人 喜欢 外观设计 很漂亮 物流 很快 小米 品牌 就是 值得 信赖 下次 还会 真的 一款 手机游戏 流畅 什么游戏 非常 流畅,商品1.csv
1,非常喜欢，手机质感很好，很多年的米粉了，家里的家电器都是小米的，继续支持✊小米,2025年12月16日,"{'机身颜色': '雪岩白', '套餐类型': '官方标配', '存储容量': '12GB+512GB'}",非常喜欢手机质感很好很多年的米粉了家里的家电器都是小米的继续支持小米,非常 喜欢 手机 质感 很多年 米粉 家里 电器 小米 继续 支持 小米,商品1.csv
1,挺好的，唯一缺点手机壳没保护到背面镜头,2026年1月4日,"{'机身颜色': '玄夜黑', '套餐类型': '官方标配', '存储容量': '12GB+256GB'}",挺好的唯一缺点手机壳没保护到背面镜头,唯一 缺点 手机 保护 背面 镜头,商品1.csv
1,给孩子买的，孩子很喜欢,2026年1月4日,"{'机身颜色': '山峦青', '套餐类型': '官方标配', '存储容量': '12GB+512GB'}",给孩子买的孩子很喜欢,孩子 孩子 喜欢,商品1.csv
1,小米K80旗舰，淘宝官方购买。非常非常好。非常喜欢，已经收到货了。员工福利首选。,2025年11月15日,"{'机身颜色': '汐月蓝', '套餐类型': '官方标配', '存储容量': '12GB+256GB'}",小米旗舰淘宝官方购买非常非常好非常喜欢已经收到货了员工福利首选,小米 旗舰 淘宝 官方 购买 非常 非常 非常 喜欢 已经 收到 员工福利 首选,商品1.csv
1,速度超快，功能齐全，点赞！很酷的手机,2026年1月19日,"{'机身颜色': '玄夜黑', '套餐类型': '官方标配', '存储容量': '12GB+256GB'}",速度超快功能齐全点赞很酷的手机,速度 超快 功能齐全 点赞 很酷 手机,商品1.csv
1,朋友全家都在用这款手机，说是性价比很高，趁着有国补，我在淘宝和多多那里给我和老公买了两台，第二天就收到了，送货上门，果然不错！第一次小米手机，很满意！,2025年12月8日,"{'机身颜色': '汐月蓝', '套餐类型': '官方标配', '存储容量': '12GB+512GB'}",朋友全家都在用这款手机说是性价比很高趁着有国补我在淘宝和多多那里给我和老公买了两台第二天就收到了送货上门果然不错第一次小米手机很满意,朋友 全家 这款 手机 性价比 趁着 有国补 淘宝 多多 那里 老公 两台 第二天 收到 送货上门 果然 不错 第一次 小米 手机 满意,商品1.csv
1,老的手机电板不给力了，趁着双十一下单的，是正品。内存容量够大，本人现在不玩游戏了，电池一天够用了，2k屏显示更亮更清晰。90w快充微发热，还可以。,2025年12月2日,"{'机身颜色': '汐月蓝', '套餐类型': '官方标配', '存储容量': '12GB+512GB'}",老的手机电板不给力了趁着双十一下单的是正品内存容量够大本人现在不玩游戏了电池一天够用了屏显示更亮更清晰快充微发热还可以,手机 电板 不给力 趁着 双十 一下 正品 内存容量 本人 现在 玩游戏 电池 一天 够用 显示 更亮 清晰 充微 发热 可以,商品1.csv
1,昨晚拿到手的，续航个人觉得很给力，本来就是奔着续航能力来的，拍照对直男来说也够用了，打个王者也完全够用，性价比很高。,2025年11月18日,"{'机身颜色': '山峦青', '套餐类型': '官方标配', '存储容量': '12GB+256GB'}",昨晚拿到手的续航个人觉得很给力本来就是奔着续航能力来的拍照对直男来说也够用了打个王者也完全够用性价比很高,昨晚 拿到 续航 个人 觉得 本来 就是 续航 能力 拍照 对直 来说 够用 打个 王者 完全 够用 性价比,商品1.csv
1,可以😌国补后一千五。之前看1445结果过一会儿就没有了🙂‍↔️给家里长辈用绰绰有余 ,2026年1月17日,"{'机身颜色': '山峦青', '套餐类型': '官方标配', '存储容量': '12GB+256GB'}",可以国补后一千五之前看结果过一会儿就没有了给家里长辈用绰绰有余,可以 国补后 一千五 之前 结果 一会儿 没有 家里 长辈 绰绰有余,商品1.csv
1,手机挺好的，流畅不卡，就是散热没想象中那么好,2026年1月2日,"{'机身颜色': '玄夜黑', '套餐类型': '官方标配', '存储容量': '12GB+512GB'}",手机挺好的流畅不卡就是散热没想象中那么好,手机 流畅 不卡 就是 散热 想象 那么,商品1.csv
1,此次购买的商品完全符合预期描述，小二服务热情周到，使用体验舒适便捷，外观设计独具匠心，产品质量上乘，性价很高，强烈推荐！,2025年12月14日,"{'机身颜色': '雪岩白', '套餐类型': '官方标配', '存储容量': '12GB+256GB'}",此次购买的商品完全符合预期描述小二服务热情周到使用体验舒适便捷外观设计独具匠心产品质量上乘性价很高强烈推荐,此次 购买 商品 完全符合 预期 描述 服务 热情周到 使用 体验 舒适 便捷 外观设计 独具匠心 产品 质量上乘 性价 强烈推荐,商品1.csv
1,物流很快，使用了很好用,2026年1月1日,"{'机身颜色': '山峦青', '套餐类型': '官方标配', '存储容量': '12GB+256GB'}",物流很快使用了很好用,物流 很快 使用,商品1.csv
1,通信音质：音质不错。拍照清晰  显示效果：旗舰机 高端。  其他特色：电池持久,2025年11月17日,"{'机身颜色': '雪岩白', '套餐类型': '官方标配', '存储容量': '12GB+256GB'}",通信音质音质不错拍照清晰  显示效果旗舰机 高端  其他特色电池持久,通信 音质 音质 不错 拍照 清晰 显示 效果 旗舰机 高端 其他 特色 电池 持久,商品1.csv
1,刚收到，不知道啥样。用了再说,2025年12月6日,"{'机身颜色': '玄夜黑', '套餐类型': '官方标配', '存储容量': '12GB+256GB'}",刚收到不知道啥样用了再说,收到 知道 样用 再说,商品1.csv
1,用起来还不错买给妈妈用的，内存好大，非常实用 可以拍好多照片,2025年11月25日,"{'机身颜色': '雪岩白', '套餐类型': '官方标配', '存储容量': '16GB+1024GB'}",用起来还不错买给妈妈用的内存好大非常实用 可以拍好多照片,起来 不错 妈妈 内存 好大 非常 实用 可以 好多 照片,商品1.csv
1,还可以，蛮喜欢这个手机壳的，简约，并且黑色耐脏，手机目前用的不太习惯，用了俩天感觉还好，肯定是比我用了四年的手机流畅，不过还是蛮烫的，比我这个手机都还烫，可能是刚激活的原因。 打原神王者什么都蛮流畅的(比我手机流畅多了，不卡顿)，就是打第五还不如我原本的手机，感觉接受随身mifi信号不太好，网络更卡点，在第五人格里面很容易体现，声音我很喜欢，因为她可以调的很小。 就是分屏设置不太好，因为不能定格，就是打游戏分屏刷视频，调到合适的大小和位置，暂时关闭放旁边，再点开就是初始位置，不是我调的那个位置，这点还不如我的初始机。 还有最后一点，早上买的，晚上直播间就便宜了50多，心疼，都已经发货了快到了。,2025年11月20日,"{'机身颜色': '山峦青', '套餐类型': '官方标配', '存储容量': '16GB+512GB'}",还可以蛮喜欢这个手机壳的简约并且黑色耐脏手机目前用的不太习惯用了俩天感觉还好肯定是比我用了四年的手机流畅不过还是蛮烫的比我这个手机都还烫可能是刚激活的原因 打原神王者什么都蛮流畅的比我手机流畅多了不卡顿就是打第五还不如我原本的手机感觉接受随身信号不太好网络更卡点在第五人格里面很容易体现声音我很喜欢因为她可以调的很小 就是分屏设置不太好因为不能定格就是打游戏分屏刷视频调到合适的大小和位置暂时关闭放旁边再点开就是初始位置不是我调的那个位置这点还不如我的初始机 还有最后一点早上买的晚上直播间就便宜了多心疼都已经发货了快到了,可以 喜欢 这个 手机 简约 并且 黑色 耐脏 手机 目前 习惯 感觉 还好 肯定 四年 手机 流畅 不过 还是 这个 手机 可能 激活 原因 原神 王者 什么 流畅 手机 流畅 不卡顿 就是 第五 不如 原本 手机 感觉 接受 随身 信号 不太好 网络 更卡点 第五 人格 里面 容易 体现 声音 喜欢 因为 可以 很小 就是 分屏 设置 不太好 因为 不能 定格 就是 打游戏 分屏 视频 合适 大小 位置 暂时 关闭 旁边 再点 就是 初始 位置 不是 我调 那个 位置 这点 不如 初始 还有 最后 一点 早上 晚上 直播间 便宜 心疼 已经 发货,商品1.csv
1,性价比极高 顺丰快递有给力 已经用上,2025年12月20日,"{'机身颜色': '山峦青', '套餐类型': '官方标配', '存储容量': '12GB+256GB'}",性价比极高 顺丰快递有给力 已经用上,性价比 极高 顺丰 快递 已经,商品1.csv
1,日常拍照，K80够用，照片画质清晰，画面的明暗层次分明。立体双声扬声器，效果不错。通信声音正常，信号稳定。90W快充，不需等太长时间就能充满。6500W的电池，打电话，看看书，能坚持2天。性价比不错。,2025年11月12日,"{'机身颜色': '汐月蓝', '套餐类型': '官方标配', '存储容量': '12GB+256GB'}",日常拍照够用照片画质清晰画面的明暗层次分明立体双声扬声器效果不错通信声音正常信号稳定快充不需等太长时间就能充满的电池打电话看看书能坚持天性价比不错,日常 拍照 够用 照片 画质 清晰 画面 明暗 层次分明 立体 双声 扬声器 效果 不错 通信 声音 正常 信号 稳定 快充 长时间 充满 电池 打电话 看看书 坚持 性价比 不错,商品1.csv
1,手机用着很丝滑一如既往的好,2026年1月12日,"{'机身颜色': '山峦青', '套餐类型': '官方标配', '存储容量': '12GB+256GB'}",手机用着很丝滑一如既往的好,手机 一如既往,商品1.csv
1,手机挺好的，用着挺顺畅，耗电慢，充电快，发货也很快，隔天就到了。就是双十二价格和双十二之前的价格差不多，没便宜多少，双十二价格也一直变来变去，没有买到最低价,2025年12月11日,"{'机身颜色': '玄夜黑', '套餐类型': '官方标配', '存储容量': '16GB+256GB'}",手机挺好的用着挺顺畅耗电慢充电快发货也很快隔天就到了就是双十二价格和双十二之前的价格差不多没便宜多少双十二价格也一直变来变去没有买到最低价,手机 顺畅 耗电 充电 发货 很快 隔天 就是 十二 价格 十二 之前 价格 差不多 便宜 多少 十二 价格 一直 变来变去 没有 最低价,商品1.csv
1,很不错 物美价廉还会再次回购 喜欢喜欢,2025年12月19日,"{'机身颜色': '汐月蓝', '套餐类型': '官方标配', '存储容量': '12GB+512GB'}",很不错 物美价廉还会再次回购 喜欢喜欢,不错 物美价廉 还会 再次 回购 喜欢 喜欢,商品1.csv
1,这个时候买这个非常合适，价格很便宜，白色的也很好看，裸机手感也可以，小手可以拿的住,2025年11月15日,"{'机身颜色': '雪岩白', '套餐类型': '官方标配', '存储容量': '12GB+256GB'}",这个时候买这个非常合适价格很便宜白色的也很好看裸机手感也可以小手可以拿的住,这个 时候 这个 非常 合适 价格 便宜 白色 好看 裸机 手感 可以 小手 可以,商品1.csv
1,舒服了！真的好用而且便宜了很多，果然新款出来还是买老一款比较香,2026年2月1日,"{'机身颜色': '玄夜黑', '套餐类型': '官方标配', '存储容量': '12GB+512GB'}",舒服了真的好用而且便宜了很多果然新款出来还是买老一款比较香,舒服 真的 好用 而且 便宜 很多 果然 新款 出来 还是 一款 比较,商品1.csv
1,手机质量不错，正在使用中，值得购买。,2025年12月28日,"{'机身颜色': '雪岩白', '套餐类型': '官方标配', '存储容量': '16GB+256GB'}",手机质量不错正在使用中值得购买,手机 质量 不错 正在 使用 值得 购买,商品1.csv
1,性价比之选，处理器高端耐用，屏幕细腻，电池性能好，一款好手机,2025年12月10日,"{'机身颜色': '雪岩白', '套餐类型': '官方标配', '存储容量': '12GB+512GB'}",性价比之选处理器高端耐用屏幕细腻电池性能好一款好手机,性价比 之选 处理器 高端 耐用 屏幕 细腻 电池 性能 一款 手机,商品1.csv
1,红米k80性价比很高的一款手机，电池耐用，屏幕显示高清，参与国补买的很实惠，这次买的顶配，内存1TB，使用起来很流畅不卡顿，推荐了朋友同事购买，非常满意的一次购物~~,2025年11月11日,"{'机身颜色': '汐月蓝', '套餐类型': '官方标配', '存储容量': '16GB+1024GB'}",红米性价比很高的一款手机电池耐用屏幕显示高清参与国补买的很实惠这次买的顶配内存使用起来很流畅不卡顿推荐了朋友同事购买非常满意的一次购物,红米 性价比 一款 手机电池 耐用 屏幕显示 高清 参与 国补 实惠 这次 顶配 内存 使用 起来 流畅 不卡顿 推荐 朋友 同事 购买 非常 满意 一次 购物,商品1.csv
1,1388入手，除了拍照其他的都很好，性价比高，物有所值，不喜勿喷,2026年1月31日,"{'机身颜色': '山峦青', '套餐类型': '官方标配', '存储容量': '12GB+256GB'}",入手除了拍照其他的都很好性价比高物有所值不喜勿喷,入手 除了 拍照 其他 性价比 物有所值 不喜,商品1.csv
1,看到比小米商城便宜三百多就在这拍了，很划算但也很担心来着，三月份拍的一个3599喂，这个到手两千四百多，特意用了几天自动收货了才来评价的，跟之前买的两个一样的，用着很好，上班接打电话，拍照上传系统什么的，基本上两天还剩百分之六十，也就是两天充一次电就行，因为照片占用内存大所以选的1t，并没有像评论里看到的什么发烫之类的，也没有卡顿，估计说卡的可能之前用的火箭，从16年就开始在官网买小米，一路用下来没有一个用坏的，都是最后电池不行了，在这买的用着可以价格优惠就又拍了一个256的，替换了k30哈，那个用了六年电池不得行了，拔了充电器就关机，现在还有两个19年的手机需要更换了，看价格适合再来拍，现在一直用着的这几个手机看看还有谁认得出来都是哪个型号不，有木有战略同盟🤣小米青春8还在奋斗,2025年11月14日,"{'机身颜色': '山峦青', '套餐类型': '官方标配', '存储容量': '16GB+1024GB'}",看到比小米商城便宜三百多就在这拍了很划算但也很担心来着三月份拍的一个喂这个到手两千四百多特意用了几天自动收货了才来评价的跟之前买的两个一样的用着很好上班接打电话拍照上传系统什么的基本上两天还剩百分之六十也就是两天充一次电就行因为照片占用内存大所以选的并没有像评论里看到的什么发烫之类的也没有卡顿估计说卡的可能之前用的火箭从年就开始在官网买小米一路用下来没有一个用坏的都是最后电池不行了在这买的用着可以价格优惠就又拍了一个的替换了哈那个用了六年电池不得行了拔了充电器就关机现在还有两个年的手机需要更换了看价格适合再来拍现在一直用着的这几个手机看看还有谁认得出来都是哪个型号不有木有战略同盟小米青春还在奋斗,看到 小米 商城 便宜 三百多 划算 担心 三月份 一个 这个 到手 两千四百 特意 几天 自动 收货 评价 之前 两个 一样 上班 打电话 拍照 上传 系统 什么 基本上 两天 百分之六十 就是 两天 一次 电就行 因为 照片 占用 内存 所以 没有 评论 看到 什么 发烫 之类 没有 卡顿 估计 说卡 可能 之前 火箭 开始 官网 小米 一路 下来 没有 一个 用坏 最后 电池 不行 可以 价格 优惠 一个 替换 那个 六年 电池 不得 充电器 关机 现在 还有 两个 手机 需要 更换 价格 适合 再来 现在 一直 几个 手机 看看 还有 认得 出来 哪个 型号 不有 木有 战略 同盟 小米 青春 奋斗,商品1.csv
1,挺好的，特别音效没的说👍👍👍,2026年1月9日,"{'机身颜色': '山峦青', '套餐类型': '官方标配', '存储容量': '16GB+1024GB'}",挺好的特别音效没的说,特别 音效,商品1.csv
1,送货上门，续航超赞,2026年1月9日,"{'机身颜色': '山峦青', '套餐类型': '官方标配', '存储容量': '16GB+256GB'}",送货上门续航超赞,送货上门 续航 超赞,商品1.csv
1,之前首发买了一个，这次给家里老人买一个，非常好。,2026年1月29日,"{'机身颜色': '山峦青', '套餐类型': '官方标配', '存储容量': '12GB+512GB'}",之前首发买了一个这次给家里老人买一个非常好,之前 首发 一个 这次 家里 老人 一个 非常,商品1.csv
1,给母亲买的，用着很满意呢！,2026年1月8日,"{'机身颜色': '山峦青', '套餐类型': '官方标配', '存储容量': '12GB+512GB'}",给母亲买的用着很满意呢,母亲 满意,商品1.csv
1,不错，系统流畅，,2026年1月28日,"{'机身颜色': '汐月蓝', '套餐类型': '官方标配', '存储容量': '12GB+256GB'}",不错系统流畅,不错 系统 流畅,商品1.csv
1,还可以，性价比很高，给家里老人用，够了,2025年12月26日,"{'机身颜色': '玄夜黑', '套餐类型': '官方标配', '存储容量': '12GB+512GB'}",还可以性价比很高给家里老人用够了,可以 性价比 家里 老人 用够,商品1.csv
1,亮点： 发货快(当天下午4点下单，第二天1点多就到了)，价格实惠(1.8k多点拿下，我觉得挺实惠的)，手机没什么大问题，我不打游戏只是上网听歌而已。唯一的不足就是手机【太重了】，玩个手机手腕好容易累。对了还送了一张流量卡，没要。  ,2025年12月2日,"{'机身颜色': '雪岩白', '套餐类型': '官方标配', '存储容量': '12GB+256GB'}",亮点 发货快当天下午点下单第二天点多就到了价格实惠多点拿下我觉得挺实惠的手机没什么大问题我不打游戏只是上网听歌而已唯一的不足就是手机太重了玩个手机手腕好容易累对了还送了一张流量卡没要,亮点 发货 当天 下午 下单 第二天 点多 价格 实惠 多点 拿下 觉得 实惠 手机 没什么 问题 打游戏 只是 上网 听歌 而已 唯一 不足 就是 手机 太重 玩个 手机 手腕 好容易 一张 流量 没要,商品1.csv
1,物流很快，质量很好， 东西也很喜欢，客服小姐姐也很好。 ,2025年12月16日,"{'机身颜色': '雪岩白', '套餐类型': '官方标配', '存储容量': '16GB+256GB'}",物流很快质量很好 东西也很喜欢客服小姐姐也很好,物流 很快 质量 东西 喜欢 客服 小姐姐,商品1.csv
1,物流很快，东西不错，到手就打开了,2025年12月16日,"{'机身颜色': '山峦青', '套餐类型': '官方标配', '存储容量': '16GB+256GB'}",物流很快东西不错到手就打开了,物流 很快 东西 不错 到手 打开,商品1.csv
1,一般，防抖差一些很快没问题很好，不深度使用2-3天一冲还行给父母使用，没什么问题,2025年12月16日,"{'机身颜色': '雪岩白', '套餐类型': '官方标配', '存储容量': '12GB+256GB'}",一般防抖差一些很快没问题很好不深度使用天一冲还行给父母使用没什么问题,一般 防抖 一些 很快 问题 深度 使用 天一 还行 父母 使用 没什么 问题,商品1.csv
1,看了很多网上说k80如何如何，心理怕怕的，今天到货体验后感觉很好用，值得购买，希望红米越来越好，，有需要购买手机的朋友不要相信晚上说的，自己体验才是真的，值得购买，,2025年12月8日,"{'机身颜色': '玄夜黑', '套餐类型': '官方标配', '存储容量': '12GB+256GB'}",看了很多网上说如何如何心理怕怕的今天到货体验后感觉很好用值得购买希望红米越来越好有需要购买手机的朋友不要相信晚上说的自己体验才是真的值得购买,很多 网上 如何 如何 心理 怕怕 今天 到货 体验 感觉 值得 购买 希望 红米 越来越 需要 购买 手机 朋友 不要 相信 晚上 自己 体验 真的 值得 购买,商品1.csv
1,可以的，老人家用用挺好的，价格也便宜，还会回购,2025年11月26日,"{'机身颜色': '雪岩白', '套餐类型': '官方标配', '存储容量': '12GB+256GB'}",可以的老人家用用挺好的价格也便宜还会回购,可以 老人家 用用 价格 便宜 还会 回购,商品1.csv
1,小米售后服务非常好,2026年1月26日,"{'机身颜色': '玄夜黑', '套餐类型': '官方标配', '存储容量': '12GB+256GB'}",小米售后服务非常好,小米 售后服务 非常,商品1.csv
1,感觉不错，支持一个！,2026年1月23日,"{'机身颜色': '汐月蓝', '套餐类型': '官方标配', '存储容量': '12GB+512GB'}",感觉不错支持一个,感觉 不错 支持 一个,商品1.csv
1, 顺丰快递小伙太辛苦了，晚上九点过还在工作。服务非常好，请大家也对他们工作多一些理解宽容，年轻人生存太不容易了。,2025年12月6日,"{'机身颜色': '雪岩白', '套餐类型': '官方标配', '存储容量': '12GB+256GB'}",顺丰快递小伙太辛苦了晚上九点过还在工作服务非常好请大家也对他们工作多一些理解宽容年轻人生存太不容易了,顺丰 快递 小伙 辛苦 晚上 九点 工作 服务 非常 大家 他们 工作 多一些 理解 宽容 年轻人 生存 太不容易,商品1.csv
1,挺好的 价格合适,2026年1月4日,"{'机身颜色': '雪岩白', '套餐类型': '官方标配', '存储容量': '16GB+256GB'}",挺好的 价格合适,价格 合适,商品1.csv
1,满意待机很好,2026年1月22日,"{'机身颜色': '玄夜黑', '套餐类型': '官方标配', '存储容量': '12GB+256GB'}",满意待机很好,满意 待机,商品1.csv
1,目前用着还不错。发货速度。具体如下图所示。,2025年11月11日,"{'机身颜色': '雪岩白', '套餐类型': '官方标配', '存储容量': '16GB+256GB'}",目前用着还不错发货速度具体如下图所示,目前 不错 发货 速度 具体 如下 所示,商品1.csv
1,红米K80。非常好用，非常流畅。淘宝购买是正品。大家赶紧下单。好用又实惠。,2025年11月11日,"{'机身颜色': '山峦青', '套餐类型': '官方标配', '存储容量': '12GB+256GB'}",红米非常好用非常流畅淘宝购买是正品大家赶紧下单好用又实惠,红米 非常 好用 非常 流畅 淘宝 购买 正品 大家 赶紧 下单 好用 实惠,商品1.csv
1,发货速度挺快的，手机是正品,2025年12月22日,"{'机身颜色': '汐月蓝', '套餐类型': '官方标配', '存储容量': '16GB+256GB'}",发货速度挺快的手机是正品,发货 速度 挺快 手机 正品,商品1.csv
1,颜值高，综合性能好，性价比高！,2025年12月22日,"{'机身颜色': '山峦青', '套餐类型': '官方标配', '存储容量': '12GB+512GB'}",颜值高综合性能好性价比高,颜值 综合性 性价比,商品1.csv
1,收到了，很好用，电池续航能力强。 ,2025年12月5日,"{'机身颜色': '汐月蓝', '套餐类型': '官方标配', '存储容量': '12GB+512GB'}",收到了很好用电池续航能力强,收到 电池 续航 能力,商品1.csv
1,送给爸爸的手机，原来的也是红米用了三年了很卡顿了，这次正好买个新的送他，性价比很高,2025年12月12日,"{'机身颜色': '汐月蓝', '套餐类型': '官方标配', '存储容量': '12GB+256GB'}",送给爸爸的手机原来的也是红米用了三年了很卡顿了这次正好买个新的送他性价比很高,送给 爸爸 手机 原来 红米 三年 卡顿 这次 正好 买个 性价比,商品1.csv
1,物流很快下单第三天就到了，东西不错，活动价格实惠值得推荐购买，保价后1900以内性价比王者，推荐购买，要是国补再给力点，简直完美,2025年11月18日,"{'机身颜色': '玄夜黑', '套餐类型': '官方标配', '存储容量': '16GB+512GB'}",物流很快下单第三天就到了东西不错活动价格实惠值得推荐购买保价后以内性价比王者推荐购买要是国补再给力点简直完美,物流 很快 下单 第三天 东西 不错 活动 价格 实惠 值得 推荐 购买 保价 以内 性价比 王者 推荐 购买 要是 国补 力点 简直 完美,商品1.csv
1,手机不错  物流速度也是飞快  老用户了  之前的手机坏了  换新的,2025年12月4日,"{'机身颜色': '汐月蓝', '套餐类型': '官方标配', '存储容量': '12GB+256GB'}",手机不错  物流速度也是飞快  老用户了  之前的手机坏了  换新的,手机 不错 物流 速度 飞快 用户 之前 手机,商品1.csv
1,挺好的，符合我的预期。好评,2026年3月4日,"{'机身颜色': '汐月蓝', '套餐类型': '官方标配', '存储容量': '12GB+512GB'}",挺好的符合我的预期好评,符合 预期 好评,商品1.csv
1,用了一段时间，流畅没啥问题，不错。,2026年3月3日,"{'机身颜色': '山峦青', '套餐类型': '官方标配', '存储容量': '12GB+256GB'}",用了一段时间流畅没啥问题不错,一段时间 流畅 问题 不错,商品1.csv
1,该商品收到，正品机，好评！待用后追评。,2026年1月1日,"{'机身颜色': '雪岩白', '套餐类型': '官方标配', '存储容量': '12GB+256GB'}",该商品收到正品机好评待用后追评,商品 收到 正品 好评 待用 追评,商品1.csv
1,可以的，推荐,2026年1月18日,"{'机身颜色': '玄夜黑', '套餐类型': '官方标配', '存储容量': '16GB+256GB'}",可以的推荐,可以 推荐,商品1.csv
1,买给爸爸的  他很喜欢  嘻嘻嘻,2026年2月28日,"{'机身颜色': '玄夜黑', '套餐类型': '官方标配', '存储容量': '16GB+1024GB'}",买给爸爸的  他很喜欢  嘻嘻嘻,爸爸 喜欢 嘻嘻,商品1.csv
1,便宜实惠，还有国补，而且给父母用足够了，父亲很喜欢。买的第三台小米手机了,2025年12月20日,"{'机身颜色': '玄夜黑', '套餐类型': '官方标配', '存储容量': '12GB+256GB'}",便宜实惠还有国补而且给父母用足够了父亲很喜欢买的第三台小米手机了,便宜 实惠 还有 国补 而且 父母 足够 父亲 喜欢 第三台 小米 手机,商品1.csv
1,一直都是买的红米，从K40换的K80，后壳很漂亮，下次配的手机壳也希望是同色的，不然白**，价格认为挺合适，目前使用电池很耐用，系统操作也快，还在探索功能中,2025年11月22日,"{'机身颜色': '山峦青', '套餐类型': '官方标配', '存储容量': '12GB+512GB'}",一直都是买的红米从换的后壳很漂亮下次配的手机壳也希望是同色的不然白价格认为挺合适目前使用电池很耐用系统操作也快还在探索功能中,一直 红米 很漂亮 下次 手机 希望 同色 不然 价格 认为 合适 目前 使用 电池 耐用 系统 操作 探索 功能,商品1.csv
1,收到，就是工能比较多还在研究中，喜欢这色,2026年2月26日,"{'机身颜色': '山峦青', '套餐类型': '官方标配', '存储容量': '12GB+512GB'}",收到就是工能比较多还在研究中喜欢这色,收到 就是 工能 比较 研究 喜欢 这色,商品1.csv
1,非常丝滑，很好用 准备再买一台,2026年2月25日,"{'机身颜色': '山峦青', '套餐类型': '官方标配', '存储容量': '12GB+256GB'}",非常丝滑很好用 准备再买一台,非常 丝滑 准备 一台,商品1.csv
1,质量很好，好评！,2026年1月17日,"{'机身颜色': '雪岩白', '套餐类型': '官方标配', '存储容量': '12GB+256GB'}",质量很好好评,质量 好评,商品1.csv
1,红米K80 很好用！系统流畅，拍照清晰！打游戏很爽！,2025年11月17日,"{'机身颜色': '玄夜黑', '套餐类型': '官方标配', '存储容量': '16GB+256GB'}",红米 很好用系统流畅拍照清晰打游戏很爽,红米 系统 流畅 拍照 清晰 打游戏 很爽,商品1.csv
1,不错，送货速度很快，商品包装完美，全新的，k80 给家里人用刚刚好,2025年11月9日,"{'机身颜色': '汐月蓝', '套餐类型': '官方标配', '存储容量': '12GB+256GB'}",不错送货速度很快商品包装完美全新的 给家里人用刚刚好,不错 送货 速度 很快 商品 包装 完美 全新 家里人 刚刚,商品1.csv
1,作为一个手机挑剔的消费者，这次购物体验简直完美。商品符合预期，无可挑剔。配货速度快如闪电。服务质量更是细致入微，满意了。,2025年11月21日,"{'机身颜色': '山峦青', '套餐类型': '官方标配', '存储容量': '12GB+256GB'}",作为一个手机挑剔的消费者这次购物体验简直完美商品符合预期无可挑剔配货速度快如闪电服务质量更是细致入微满意了,作为 一个 手机 挑剔 消费者 这次 购物 体验 简直 完美 商品 符合 预期 无可挑剔 配货 速度 快如闪电 服务质量 更是 细致入微 满意,商品1.csv
1,这款电子产品体验很棒运行速度快打开软件和切换程序都很流畅性能表现出色外观简约时尚携带方便价格也比较合理值得推荐购买。,2025年12月2日,"{'机身颜色': '玄夜黑', '套餐类型': '官方标配', '存储容量': '12GB+256GB'}",这款电子产品体验很棒运行速度快打开软件和切换程序都很流畅性能表现出色外观简约时尚携带方便价格也比较合理值得推荐购买,电子产品 体验 很棒 运行 速度 打开 软件 切换 程序 流畅 性能 表现出色 外观 简约 时尚 携带方便 价格 比较 合理 值得 推荐 购买,商品1.csv
1,物流很快，爸爸很喜欢，快递小哥人也很好,2025年12月9日,"{'机身颜色': '汐月蓝', '套餐类型': '官方标配', '存储容量': '12GB+512GB'}",物流很快爸爸很喜欢快递小哥人也很好,物流 很快 爸爸 喜欢 快递 小哥,商品1.csv
1,不错给老妈买的，挺好用，系统也流畅。,2025年12月29日,"{'机身颜色': '雪岩白', '套餐类型': '官方标配', '存储容量': '12GB+256GB'}",不错给老妈买的挺好用系统也流畅,不错 老妈 挺好用 系统 流畅,商品1.csv
1,宝贝很好，发货速度快！,2025年12月29日,"{'机身颜色': '汐月蓝', '套餐类型': '官方标配', '存储容量': '12GB+256GB'}",宝贝很好发货速度快,宝贝 发货 速度,商品1.csv
1,还可以，发货很快,2026年1月14日,"{'机身颜色': '雪岩白', '套餐类型': '官方标配', '存储容量': '12GB+512GB'}",还可以发货很快,可以 发货 很快,商品1.csv
1,发货物流派送快 头天下单 隔天就到了 总体来说，用了大概三四天的样子，还比较顺畅，但有一些功能的话，我好像没有掌握好 总体来说还可以的,2025年11月20日,"{'机身颜色': '汐月蓝', '套餐类型': '官方标配', '存储容量': '16GB+256GB'}",发货物流派送快 头天下单 隔天就到了 总体来说用了大概三四天的样子还比较顺畅但有一些功能的话我好像没有掌握好 总体来说还可以的,货物 流派 送快 天下 隔天 总体 来说 大概 三四天 样子 比较 顺畅 一些 功能 的话 好像 没有 掌握 总体 来说 可以,商品1.csv
1,K80性价比很高，买给妈妈用的，分辨率比note系列好太多了，新手机都丝滑,2025年12月17日,"{'机身颜色': '雪岩白', '套餐类型': '官方标配', '存储容量': '16GB+256GB'}",性价比很高买给妈妈用的分辨率比系列好太多了新手机都丝滑,性价比 妈妈 分辨率 系列 好太多 新手机,商品1.csv
1,好评！物流很快，手机运行流畅,2025年12月17日,"{'机身颜色': '山峦青', '套餐类型': '官方标配', '存储容量': '16GB+256GB'}",好评物流很快手机运行流畅,好评 物流 很快 手机 运行 流畅,商品1.csv
1,终于买到了自己一直心心念念想要的款式了😍，这个价格能在平台买到真的很香了。,2025年12月17日,"{'机身颜色': '山峦青', '套餐类型': '官方标配', '存储容量': '12GB+256GB'}",终于买到了自己一直心心念念想要的款式了这个价格能在平台买到真的很香了,终于 买到 自己 一直 心心念念 想要 款式 这个 价格 平台 真的 很香,商品1.csv
1,很好，已经在旗舰店买了很多手机和平板，一如既往的好。,2026年1月13日,"{'机身颜色': '汐月蓝', '套餐类型': '官方标配', '存储容量': '12GB+512GB'}",很好已经在旗舰店买了很多手机和平板一如既往的好,已经 旗舰店 很多 手机 平板 一如既往,商品1.csv
1,物流很快～质量蛮好的，价格实惠好评～非常满意的一次购物之旅,2025年11月25日,"{'机身颜色': '雪岩白', '套餐类型': '官方标配', '存储容量': '12GB+256GB'}",物流很快质量蛮好的价格实惠好评非常满意的一次购物之旅,物流 很快 质量 价格 实惠 好评 非常 满意 一次 购物 之旅,商品1.csv
1,颜色很好看，挺流畅的，打游戏也不卡，很有性价比就是了,2025年12月16日,"{'机身颜色': '山峦青', '套餐类型': '官方标配', '存储容量': '12GB+256GB'}",颜色很好看挺流畅的打游戏也不卡很有性价比就是了,颜色 好看 流畅 打游戏 不卡 性价比 就是,商品1.csv
1,运行流畅 ,2026年2月7日,"{'机身颜色': '雪岩白', '套餐类型': '官方标配', '存储容量': '16GB+256GB'}",运行流畅,运行 流畅,商品1.csv
1,我觉得这一个手机真挺不错，用个几年还是没啥问题的。看的也挺好看。这个是白色的。黑色的也挺好看的,2025年11月14日,"{'机身颜色': '雪岩白', '套餐类型': '官方标配', '存储容量': '12GB+256GB'}",我觉得这一个手机真挺不错用个几年还是没啥问题的看的也挺好看这个是白色的黑色的也挺好看的,觉得 一个 手机 挺不错 用个 几年 还是 问题 好看 这个 白色 黑色 好看,商品1.csv
1,手机反应挺快的，物流也很快！👍🏿👍🏿👍🏿,2025年11月14日,"{'机身颜色': '山峦青', '套餐类型': '官方标配', '存储容量': '16GB+256GB'}",手机反应挺快的物流也很快,手机 反应 挺快 物流 很快,商品1.csv
1,查验了之后发现是正品，也没有激活过，是新机。有个小瑕疵是送的手机壳有点难安装，太紧了。,2025年11月3日,"{'机身颜色': '雪岩白', '套餐类型': '官方标配', '存储容量': '12GB+512GB'}",查验了之后发现是正品也没有激活过是新机有个小瑕疵是送的手机壳有点难安装太紧了,查验 之后 发现 正品 没有 激活 新机 有个 瑕疵 手机 有点 安装 太紧,商品1.csv
1,一直都在用小米，非常满意，支持国货。,2026年2月6日,"{'机身颜色': '雪岩白', '套餐类型': '官方标配', '存储容量': '16GB+256GB'}",一直都在用小米非常满意支持国货,一直 小米 非常 满意 支持 国货,商品1.csv
1,用上了，先使用一段时间再说吧。,2025年11月23日,"{'机身颜色': '汐月蓝', '套餐类型': '官方标配', '存储容量': '16GB+256GB'}",用上了先使用一段时间再说吧,使用 一段时间 再说,商品1.csv
1,很好用，买给妈妈用刚刚好,2025年12月24日,"{'机身颜色': '山峦青', '套餐类型': '官方标配', '存储容量': '12GB+256GB'}",很好用买给妈妈用刚刚好,妈妈 刚刚,商品1.csv
1,手机很好看，发货很快，感谢客服王帅，帮我解决问题，很优惠的价格买到，不错不错很满意,2025年11月28日,"{'机身颜色': '汐月蓝', '套餐类型': '官方标配', '存储容量': '12GB+256GB'}",手机很好看发货很快感谢客服王帅帮我解决问题很优惠的价格买到不错不错很满意,手机 好看 发货 很快 感谢 客服 王帅 解决问题 优惠 价格 不错 不错 满意,商品1.csv
1,妈妈换的新机  之前那个属实不太行了  还得是小米...抗造！,2025年11月17日,"{'机身颜色': '山峦青', '套餐类型': '官方标配', '存储容量': '16GB+256GB'}",妈妈换的新机  之前那个属实不太行了  还得是小米抗造,妈妈 新机 之前 那个 属实 太行 小米 抗造,商品1.csv
1,用了段时间再来评价，手机正品。然后在淘宝上买的优势就是便宜。比官网便宜几百。虽然没抢到国补，但是我的88会员还是有优惠的。,2025年11月22日,"{'机身颜色': '玄夜黑', '套餐类型': '官方标配', '存储容量': '16GB+256GB'}",用了段时间再来评价手机正品然后在淘宝上买的优势就是便宜比官网便宜几百虽然没抢到国补但是我的会员还是有优惠的,段时间 评价 手机 正品 然后 淘宝 优势 就是 便宜 比官 便宜 几百 虽然 国补 但是 会员 还是 优惠,商品1.csv
1,还送了小礼物和手写贺卡，非常用心，感觉很温暖。,2025年12月13日,"{'机身颜色': '山峦青', '套餐类型': '官方标配', '存储容量': '12GB+256GB'}",还送了小礼物和手写贺卡非常用心感觉很温暖,礼物 手写 贺卡 非常 用心 感觉 温暖,商品1.csv
1,送给老爸的，还没用，看起来不错，有问题再反馈,2026年1月7日,"{'机身颜色': '玄夜黑', '套餐类型': '官方标配', '存储容量': '12GB+256GB'}",送给老爸的还没用看起来不错有问题再反馈,送给 老爸 没用 看起来 不错 问题 反馈,商品1.csv
1,很不错，贴了膜和送了个手机壳,2026年1月31日,"{'机身颜色': '汐月蓝', '套餐类型': '官方标配', '存储容量': '12GB+256GB'}",很不错贴了膜和送了个手机壳,不错 手机,商品1.csv
1,宝贝收到了，性价比高，又赶上26年国补，便宜不少。很好，k50换了k80.,2026年1月6日,"{'机身颜色': '山峦青', '套餐类型': '官方标配', '存储容量': '12GB+256GB'}",宝贝收到了性价比高又赶上年国补便宜不少很好换了,宝贝 收到 性价比 赶上 年国补 便宜 不少,商品1.csv
1,十多年了都是选择红米手机，性能稳定，功能齐全，完全能满足日常需要。入手这款手机，是选择它的超长续航。用了两天，感觉屏幕影像一般，机身有点重，其他方面中规中矩。今年的国家补贴很难领取，平台补贴最终2000多米入手。,2025年11月1日,"{'机身颜色': '汐月蓝', '套餐类型': '官方标配', '存储容量': '16GB+512GB'}",十多年了都是选择红米手机性能稳定功能齐全完全能满足日常需要入手这款手机是选择它的超长续航用了两天感觉屏幕影像一般机身有点重其他方面中规中矩今年的国家补贴很难领取平台补贴最终多米入手,十多年 选择 红米 手机 性能 稳定 功能齐全 完全 满足 日常 需要 入手 手机 选择 超长 续航 两天 感觉 屏幕 影像 一般 机身 有点 其他 方面 中规中矩 今年 国家补贴 很难 领取 平台 补贴 最终 多米 入手,商品1.csv
-1,中奖了，手机尾插里面金属面有点划痕，估计是手机测试的时候划的，唉。,2025年12月12日,"{'机身颜色': '山峦青', '套餐类型': '官方标配', '存储容量': '12GB+256GB'}",中奖了手机尾插里面金属面有点划痕估计是手机测试的时候划的唉,中奖 手机 里面 金属 有点 划痕 估计 手机 测试 时候,商品1.csv
1,信号好，音质好，手机速度也很快，值得推荐,2025年11月16日,"{'机身颜色': '玄夜黑', '套餐类型': '官方标配', '存储容量': '12GB+256GB'}",信号好音质好手机速度也很快值得推荐,信号 音质 手机 速度 很快 值得 推荐,商品1.csv
1,配件齐全，开机检测都正常，先用一段时间看看。,2025年11月16日,"{'机身颜色': '汐月蓝', '套餐类型': '官方标配', '存储容量': '16GB+512GB'}",配件齐全开机检测都正常先用一段时间看看,配件 齐全 开机 检测 正常 一段时间 看看,商品1.csv
1,员工众多。采购一堆。买手机上天猫官方旗舰店还是很好。质量棒棒的，发货又快。K80旗舰值得拥有。,2025年11月7日,"{'机身颜色': '雪岩白', '套餐类型': '官方标配', '存储容量': '12GB+256GB'}",员工众多采购一堆买手机上天猫官方旗舰店还是很好质量棒棒的发货又快旗舰值得拥有,员工 众多 采购 一堆 买手机 上天 官方 旗舰店 还是 质量 棒棒 发货 旗舰 值得 拥有,商品1.csv
1,家里都是用的红米，手机本身性价比挺高的，只是每次买完就会降价，不急可以再蹲蹲。,2026年1月4日,"{'机身颜色': '山峦青', '套餐类型': '官方标配', '存储容量': '16GB+512GB'}",家里都是用的红米手机本身性价比挺高的只是每次买完就会降价不急可以再蹲蹲,家里 红米 手机 本身 性价比 只是 每次 降价 可以,商品1.csv
1,用上了，很顺滑，颜值也可以，喜欢,2025年12月21日,"{'机身颜色': '山峦青', '套餐类型': '官方标配', '存储容量': '16GB+512GB'}",用上了很顺滑颜值也可以喜欢,顺滑 颜值 可以 喜欢,商品1.csv
1,红米k80很流畅！打游戏很好。拍照清晰！,2025年11月20日,"{'机身颜色': '玄夜黑', '套餐类型': '官方标配', '存储容量': '16GB+256GB'}",红米很流畅打游戏很好拍照清晰,红米 流畅 打游戏 拍照 清晰,商品1.csv
1,性价比高，颜值爆表，屏显透亮，金属中框，手感也好，用了十年了，希望小米越来越好,2025年11月15日,"{'机身颜色': '山峦青', '套餐类型': '官方标配', '存储容量': '12GB+256GB'}",性价比高颜值爆表屏显透亮金属中框手感也好用了十年了希望小米越来越好,性价比 高颜值 爆表屏 透亮 金属 中框 手感 也好 十年 希望 小米 越来越,商品1.csv
1,一直用的红米，满足我的需求,2026年1月26日,"{'机身颜色': '雪岩白', '套餐类型': '官方标配', '存储容量': '16GB+512GB'}",一直用的红米满足我的需求,一直 红米 满足 需求,商品1.csv
1,手机用起来很顺手，爸爸非常喜欢,2025年12月20日,"{'机身颜色': '雪岩白', '套餐类型': '官方标配', '存储容量': '12GB+256GB'}",手机用起来很顺手爸爸非常喜欢,手机 起来 顺手 爸爸 非常 喜欢,商品1.csv
1,很中意这款产品带使用后再来评价,2025年12月20日,"{'机身颜色': '玄夜黑', '套餐类型': '官方标配', '存储容量': '16GB+256GB'}",很中意这款产品带使用后再来评价,中意 产品 使用 评价,商品1.csv
1,手机很棒。起初我持怀疑态度，但它超出了我的预期. 相机也不错,2025年11月10日,"{'机身颜色': '玄夜黑', '套餐类型': '官方标配', '存储容量': '16GB+256GB'}",手机很棒起初我持怀疑态度但它超出了我的预期 相机也不错,手机 很棒 起初 我持 怀疑 态度 超出 预期 相机 不错,商品1.csv
1,🎉这款手机真的超赞！✨雪岩白颜值超高，拿在手里质感很好~ 🌟存储容量也够用，日常使用很流畅，完全符合预期！💯性价比很高，推荐购买哦~ 😊,2025年11月14日,"{'机身颜色': '雪岩白', '套餐类型': '官方标配', '存储容量': '12GB+256GB'}",这款手机真的超赞雪岩白颜值超高拿在手里质感很好 存储容量也够用日常使用很流畅完全符合预期性价比很高推荐购买哦,手机 真的 超赞雪岩 白颜值 超高 手里 质感 存储容量 够用 日常 使用 流畅 完全符合 预期 性价比 推荐 购买,商品1.csv
1,手机很好，很耐用，充电快，电量够用24小时了,2025年11月14日,"{'机身颜色': '玄夜黑', '套餐类型': '官方标配', '存储容量': '16GB+256GB'}",手机很好很耐用充电快电量够用小时了,手机 耐用 充电 电量 够用 小时,商品1.csv
1,硬件可以的，系统预装的软件太少了？,2025年12月19日,"{'机身颜色': '雪岩白', '套餐类型': '官方标配', '存储容量': '12GB+256GB'}",硬件可以的系统预装的软件太少了,硬件 可以 系统 预装 软件 太少,商品1.csv
1,没有国补情况下2290也算便宜了,2026年1月22日,"{'机身颜色': '雪岩白', '套餐类型': '官方标配', '存储容量': '16GB+512GB'}",没有国补情况下也算便宜了,没有 国补 情况 便宜,商品1.csv
1,送货超级快，新机，完好，网销售排行还是有道理的，手感不错，物美价廉，完全物超所值，强烈推荐大家购买！,2025年11月1日,"{'机身颜色': '山峦青', '套餐类型': '官方标配', '存储容量': '12GB+512GB'}",送货超级快新机完好网销售排行还是有道理的手感不错物美价廉完全物超所值强烈推荐大家购买,送货 超级 新机 完好 销售 排行 还是 道理 手感 不错 物美价廉 完全 物超所值 强烈推荐 大家 购买,商品1.csv
1,不错好用，喜欢，物美价廉，值得推荐,2025年11月23日,"{'机身颜色': '玄夜黑', '套餐类型': '官方标配', '存储容量': '12GB+256GB'}",不错好用喜欢物美价廉值得推荐,不错 好用 喜欢 物美价廉 值得 推荐,商品1.csv
1,很好，质感也不错，手机有问题后立马给我换了一个,2025年12月7日,"{'机身颜色': '雪岩白', '套餐类型': '官方标配', '存储容量': '12GB+256GB'}",很好质感也不错手机有问题后立马给我换了一个,质感 不错 手机 问题 立马 一个,商品1.csv
1,哈可以  拍照清晰。好评。物流非常快。,2025年11月17日,"{'机身颜色': '山峦青', '套餐类型': '官方标配', '存储容量': '12GB+256GB'}",哈可以  拍照清晰好评物流非常快,可以 拍照 清晰 好评 物流 非常,商品1.csv
1,客服服务态度很好，快递也不赖，希望老板生意越来越好！！！,2025年11月17日,"{'机身颜色': '雪岩白', '套餐类型': '官方标配', '存储容量': '16GB+256GB'}",客服服务态度很好快递也不赖希望老板生意越来越好,客服 服务态度 快递 不赖 希望 老板 生意 越来越,商品1.csv
1,手机用了一段时间了，升级3.0挺顺畅，系统小功能再优化优化更好,2025年11月29日,"{'机身颜色': '山峦青', '套餐类型': '官方标配', '存储容量': '16GB+256GB'}",手机用了一段时间了升级挺顺畅系统小功能再优化优化更好,手机 一段时间 升级 顺畅 系统 功能 优化 优化 更好,商品1.csv
1,帮老爸买的手机，上一台X为畅享已经用了快6、7年，卡到不行，电池也不耐用了。正好赶上双十一，优惠力度不错就直接下单了。在我的强烈推荐下，家里的长辈基本都是用小米红米系列的手机了，前前后后买了快十几台了，各种型号买了个七七八八，挺好的都没什么问题，他们也很喜欢，关键价格也合适，不高价低配，要是花个两三千买回来用个一两年卡到不行就闹心了。,2025年11月4日,"{'机身颜色': '玄夜黑', '套餐类型': '官方标配', '存储容量': '16GB+256GB'}",帮老爸买的手机上一台为畅享已经用了快年卡到不行电池也不耐用了正好赶上双十一优惠力度不错就直接下单了在我的强烈推荐下家里的长辈基本都是用小米红米系列的手机了前前后后买了快十几台了各种型号买了个七七八八挺好的都没什么问题他们也很喜欢关键价格也合适不高价低配要是花个两三千买回来用个一两年卡到不行就闹心了,老爸 手机 一台 畅享 已经 卡到 不行 电池 耐用 正好 赶上 双十 优惠 力度 不错 直接 下单 强烈推荐 家里 长辈 基本 小米 红米 系列 手机 前前后后 十几台 各种 型号 七七八八 没什么 问题 他们 喜欢 关键 价格 合适 高价 低配 要是 花个 两三千 买回来 用个 一两年 卡到 不行 闹心,商品1.csv
1,挺好用，两个K80入手千元挡能打一片,2026年1月18日,"{'机身颜色': '玄夜黑', '套餐类型': '官方标配', '存储容量': '12GB+512GB'}",挺好用两个入手千元挡能打一片,挺好用 两个 入手 千元 一片,商品1.csv
1,给妈妈买的 红米第三台了 试用完评价 系统流畅还行 续航明显有提升 就是刷刷wx看看视频 怎么会发热 …,2025年11月22日,"{'机身颜色': '雪岩白', '套餐类型': '官方标配', '存储容量': '12GB+512GB'}",给妈妈买的 红米第三台了 试用完评价 系统流畅还行 续航明显有提升 就是刷刷看看视频 怎么会发热,妈妈 红米 第三台 试用 评价 系统 流畅 续航 明显 提升 就是 刷刷 看看 视频 怎么 发热,商品1.csv
1,新机很流畅，丝般润滑，电池加大，能耐用一天以上了,2025年12月6日,"{'机身颜色': '玄夜黑', '套餐类型': '官方标配', '存储容量': '16GB+256GB'}",新机很流畅丝般润滑电池加大能耐用一天以上了,新机 流畅 丝般 润滑 电池 加大 能耐 一天 以上,商品1.csv
1,K80非常棒。淘宝官方旗舰店购买，质量有保证。物流又快，东西又好。,2025年11月7日,"{'机身颜色': '山峦青', '套餐类型': '官方标配', '存储容量': '12GB+256GB'}",非常棒淘宝官方旗舰店购买质量有保证物流又快东西又好,非常 淘宝 官方 旗舰店 购买 质量 保证 物流 东西,商品1.csv
1,很好用，音质很好，一开始不会用麦克风，客服很耐心讲解很细远程解决，非常省心省力。,2025年11月7日,"{'机身颜色': '山峦青', '套餐类型': '官方标配', '存储容量': '16GB+1024GB'}",很好用音质很好一开始不会用麦克风客服很耐心讲解很细远程解决非常省心省力,音质 开始 不会 麦克风 客服 耐心 讲解 远程 解决 非常 省心 省力,商品1.csv
1,掌柜的服务态度真好，发货很快。宝贝质量也相当不错。太喜欢了，谢谢！,2025年11月16日,"{'机身颜色': '玄夜黑', '套餐类型': '官方标配', '存储容量': '12GB+256GB'}",掌柜的服务态度真好发货很快宝贝质量也相当不错太喜欢了谢谢,掌柜的 服务态度 发货 很快 宝贝 质量 相当 不错 喜欢 谢谢,商品1.csv
1,手机性能很好流畅丝滑，很漂亮质感很好。,2025年11月3日,"{'机身颜色': '雪岩白', '套餐类型': '官方标配', '存储容量': '12GB+512GB'}",手机性能很好流畅丝滑很漂亮质感很好,手机 性能 流畅 丝滑 很漂亮 质感,商品1.csv
1,手机很好，物流也超给力，昨天下单，今天下午就收到货了！实物到家符合期望要求。👍👍,2025年11月3日,"{'机身颜色': '汐月蓝', '套餐类型': '官方标配', '存储容量': '16GB+256GB'}",手机很好物流也超给力昨天下单今天下午就收到货了实物到家符合期望要求,手机 物流 超给力 昨天 下单 今天下午 收到 实物 到家 符合 期望 要求,商品1.csv
1,特地去商场看过样机，很好看，给家里人买的，,2025年11月11日,"{'机身颜色': '雪岩白', '套餐类型': '官方标配', '存储容量': '12GB+256GB'}",特地去商场看过样机很好看给家里人买的,特地去 商场 看过 样机 好看 家里人,商品1.csv
1,运输还蛮快的，昨天晚上9点下单，今天早上9点半这样就收到了，手机不卡，流畅度很好，小功能很贴心很全面的，是买来送给爸爸的，很喜欢。,2025年11月21日,"{'机身颜色': '雪岩白', '套餐类型': '官方标配', '存储容量': '12GB+256GB'}",运输还蛮快的昨天晚上点下单今天早上点半这样就收到了手机不卡流畅度很好小功能很贴心很全面的是买来送给爸爸的很喜欢,运输 昨天晚上 下单 今天 早上 点半 这样 收到 手机 不卡 流畅 功能 贴心 全面 买来 送给 爸爸 喜欢,商品1.csv
1,忠实米粉，不错哦,2025年12月27日,"{'机身颜色': '山峦青', '套餐类型': '官方标配', '存储容量': '12GB+512GB'}",忠实米粉不错哦,忠实 米粉 不错,商品1.csv
1,用了几天才评价，使用效果还可以，好评,2025年12月14日,"{'机身颜色': '雪岩白', '套餐类型': '官方标配', '存储容量': '12GB+256GB'}",用了几天才评价使用效果还可以好评,几天 评价 使用 效果 可以 好评,商品1.csv
1,国补加券一千四百七，性价比可以,2026年1月14日,"{'机身颜色': '汐月蓝', '套餐类型': '官方标配', '存储容量': '12GB+256GB'}",国补加券一千四百七性价比可以,补加 一千四百 性价比 可以,商品1.csv
1,感觉和以前买的k60差不多，哈哈哈……要不是摔坏了还不想换，看了k90，还是买个便宜的用着就行，就刷刷剧视频的，游戏不打，可以了,2025年11月10日,"{'机身颜色': '山峦青', '套餐类型': '官方标配', '存储容量': '12GB+512GB'}",感觉和以前买的差不多哈哈哈要不是摔坏了还不想换看了还是买个便宜的用着就行就刷刷剧视频的游戏不打可以了,感觉 以前 差不多 哈哈哈 要不是 摔坏 不想 还是 买个 便宜 刷刷 视频 游戏 可以,商品1.csv
1,手感不错，是新机，发货很快，运行也流畅,2025年11月20日,"{'机身颜色': '山峦青', '套餐类型': '官方标配', '存储容量': '16GB+256GB'}",手感不错是新机发货很快运行也流畅,手感 不错 新机 发货 很快 运行 流畅,商品1.csv
1,非常丝滑，流畅,2026年2月28日,"{'机身颜色': '玄夜黑', '套餐类型': '官方标配', '存储容量': '12GB+512GB'}",非常丝滑流畅,非常 丝滑 流畅,商品1.csv
1,"物流很快,手机也很不错。",2025年12月13日,"{'机身颜色': '玄夜黑', '套餐类型': '官方标配', '存储容量': '12GB+512GB'}",物流很快手机也很不错,物流 很快 手机 不错,商品1.csv
1,感觉很不错，目前来说性价比很高。,2025年12月13日,"{'机身颜色': '汐月蓝', '套餐类型': '官方标配', '存储容量': '12GB+256GB'}",感觉很不错目前来说性价比很高,感觉 不错 目前 来说 性价比,商品1.csv
1,性价比高，会追评,2026年2月26日,"{'机身颜色': '玄夜黑', '套餐类型': '官方标配', '存储容量': '12GB+256GB'}",性价比高会追评,性价比 高会 追评,商品1.csv
1,很划算，很好用 ,2026年2月25日,"{'机身颜色': '汐月蓝', '套餐类型': '官方标配', '存储容量': '12GB+256GB'}",很划算很好用,划算,商品1.csv
1,磕到角了，包装可以做的更好,2025年11月14日,"{'机身颜色': '玄夜黑', '套餐类型': '官方标配', '存储容量': '12GB+256GB'}",磕到角了包装可以做的更好,磕到 包装 可以 更好,商品1.csv
1,包装很好，寄的也很快，买给爸爸用的刚刚好,2025年11月14日,"{'机身颜色': '玄夜黑', '套餐类型': '官方标配', '存储容量': '12GB+256GB'}",包装很好寄的也很快买给爸爸用的刚刚好,包装 很快 爸爸 刚刚,商品1.csv
1,✨这款手机真的超出预期啦！玄夜黑配色高级感满满，拿在手里质感超棒~ 💯存储容量完全够用，日常使用流畅不卡顿，和商品描述的一模一样呢！ 🚀物流也很快，下单没几天就收到了，商家服务态度也特别好，有问必答超耐心~ 🌟总之是一次非常满意的购物体验，推荐给正在纠结的小伙伴们哦！,2025年11月14日,"{'机身颜色': '玄夜黑', '套餐类型': '官方标配', '存储容量': '12GB+256GB'}",这款手机真的超出预期啦玄夜黑配色高级感满满拿在手里质感超棒 存储容量完全够用日常使用流畅不卡顿和商品描述的一模一样呢 物流也很快下单没几天就收到了商家服务态度也特别好有问必答超耐心 总之是一次非常满意的购物体验推荐给正在纠结的小伙伴们哦,手机 真的 超出 预期 夜黑 配色 高级 满满 手里 质感 超棒 存储容量 完全 够用 日常 使用 流畅 不卡顿 商品 描述 一模一样 物流 很快 下单 几天 收到 商家 服务态度 特别 有问必答 耐心 总之 一次 非常 满意 购物 体验 推荐 正在 纠结 小伙伴,商品1.csv
1,用了一段时间了，现在评价就是用这台手机评价的，一直都是用这个品牌手机，拿到这台手机给我感觉特别有安全感，完全没有质疑它的品质有什么问题，用了一段时间果然没有让我失望，没有出现任何问题，我很满意，一直都是用小米家的手机，比较认可，其他没有用过的，也不怎么熟悉，用其他的还是有些质疑手机问题方面，还是这个用的比较安心,2025年11月14日,"{'机身颜色': '玄夜黑', '套餐类型': '官方标配', '存储容量': '16GB+512GB'}",用了一段时间了现在评价就是用这台手机评价的一直都是用这个品牌手机拿到这台手机给我感觉特别有安全感完全没有质疑它的品质有什么问题用了一段时间果然没有让我失望没有出现任何问题我很满意一直都是用小米家的手机比较认可其他没有用过的也不怎么熟悉用其他的还是有些质疑手机问题方面还是这个用的比较安心,一段时间 现在 评价 就是 这台 手机 评价 一直 这个 品牌手机 拿到 这台 手机 感觉 特别 安全感 完全 没有 质疑 品质 什么 问题 一段时间 果然 没有 失望 没有 出现 任何 问题 满意 一直 小米 手机 比较 认可 其他 没有 用过 不怎么 熟悉 其他 还是 有些 质疑 手机 问题 方面 还是 这个 比较 安心,商品1.csv
1,好用！老爸很喜欢,2026年2月23日,"{'机身颜色': '玄夜黑', '套餐类型': '官方标配', '存储容量': '16GB+512GB'}",好用老爸很喜欢,好用 老爸 喜欢,商品1.csv
1,奶奶很高兴很喜欢😁,2026年2月22日,"{'机身颜色': '汐月蓝', '套餐类型': '官方标配', '存储容量': '16GB+256GB'}",奶奶很高兴很喜欢,奶奶 高兴 喜欢,商品1.csv
1,孩子看好的，他很喜欢,2026年2月22日,"{'机身颜色': '汐月蓝', '套餐类型': '官方标配', '存储容量': '12GB+256GB'}",孩子看好的他很喜欢,孩子 看好 喜欢,商品1.csv
1,新机很流畅，k40用着感觉性价比还不错，所以买新机还是选择了红米,2025年12月3日,"{'机身颜色': '雪岩白', '套餐类型': '官方标配', '存储容量': '12GB+256GB'}",新机很流畅用着感觉性价比还不错所以买新机还是选择了红米,新机 流畅 感觉 性价比 不错 所以 新机 还是 选择 红米,商品1.csv
1,挺好用的，还用了国补，手机也挺漂亮的,2025年12月12日,"{'机身颜色': '玄夜黑', '套餐类型': '官方标配', '存储容量': '12GB+256GB'}",挺好用的还用了国补手机也挺漂亮的,挺好用 国补 手机 漂亮,商品1.csv
1,刚拿到外观不错,2025年12月24日,"{'机身颜色': '雪岩白', '套餐类型': '官方标配', '存储容量': '16GB+256GB'}",刚拿到外观不错,拿到 外观 不错,商品1.csv
1,买来送给爸爸的，目前他说挺好用的,2026年1月10日,"{'机身颜色': '玄夜黑', '套餐类型': '官方标配', '存储容量': '12GB+256GB'}",买来送给爸爸的目前他说挺好用的,买来 送给 爸爸 目前 挺好用,商品1.csv
1,好评了。2K清晰度，不错。操作一点不卡，很顺畅。,2025年11月13日,"{'机身颜色': '山峦青', '套餐类型': '官方标配', '存储容量': '12GB+256GB'}",好评了清晰度不错操作一点不卡很顺畅,好评 清晰度 不错 操作 一点 不卡 顺畅,商品1.csv
1,给老爸买的，手机操作很流畅，送的手机壳也不错,2025年10月28日,"{'机身颜色': '玄夜黑', '套餐类型': '官方标配', '存储容量': '12GB+256GB'}",给老爸买的手机操作很流畅送的手机壳也不错,老爸 手机 操作 流畅 手机 不错,商品1.csv
1,试用了几天，感觉很不错，性价比很好。 通信音质：通透 其他特色：大电池 显示效果：清晰,2025年10月28日,"{'机身颜色': '山峦青', '套餐类型': '官方标配', '存储容量': '12GB+256GB'}",试用了几天感觉很不错性价比很好 通信音质通透 其他特色大电池 显示效果清晰,试用 几天 感觉 不错 性价比 通信 音质 通透 其他 特色 电池 显示 效果 清晰,商品1.csv
1,到货了，质感很好。,2025年12月11日,"{'机身颜色': '玄夜黑', '套餐类型': '官方标配', '存储容量': '12GB+256GB'}",到货了质感很好,到货 质感,商品1.csv
1,质感很好，拿起来真不错，用起来也很丝滑，比之前k50感觉好多了。哈哈哈，希望能够再用三四年，好评,2025年11月18日,"{'机身颜色': '玄夜黑', '套餐类型': '官方标配', '存储容量': '12GB+512GB'}",质感很好拿起来真不错用起来也很丝滑比之前感觉好多了哈哈哈希望能够再用三四年好评,质感 起来 真不错 起来 之前 感觉 好多 哈哈哈 希望 能够 再用 三四年 好评,商品1.csv
1,给爸爸妈妈一人一个手机很不错，老人很喜欢 通信音质:不错 其他特色:颜色也好,2025年11月18日,"{'机身颜色': '山峦青', '套餐类型': '官方标配', '存储容量': '16GB+256GB'}",给爸爸妈妈一人一个手机很不错老人很喜欢 通信音质不错 其他特色颜色也好,爸爸妈妈 一人 一个 手机 不错 老人 喜欢 通信 音质 不错 其他 特色 颜色 也好,商品1.csv
1,产品质量好到爆，朋友都说我眼光好，挑的东西人人爱，都说也要买这个，太棒了！,2025年11月24日,"{'机身颜色': '雪岩白', '套餐类型': '官方标配', '存储容量': '12GB+256GB'}",产品质量好到爆朋友都说我眼光好挑的东西人人爱都说也要买这个太棒了,产品质量 朋友 眼光 东西 人人爱 这个 太棒了,商品1.csv
1,用着还行，手机里很多功能用不到，,2025年11月24日,"{'机身颜色': '汐月蓝', '套餐类型': '官方标配', '存储容量': '12GB+512GB'}",用着还行手机里很多功能用不到,还行 手机 很多 功能 不到,商品1.csv
1,妈妈很喜欢🥰,2026年2月12日,"{'机身颜色': '雪岩白', '套餐类型': '官方标配', '存储容量': '12GB+256GB'}",妈妈很喜欢,妈妈 喜欢,商品1.csv
1,小米手机挺实惠的，大活动的时候来买就对了。,2025年12月1日,"{'机身颜色': '雪岩白', '套餐类型': '官方标配', '存储容量': '12GB+256GB'}",小米手机挺实惠的大活动的时候来买就对了,小米 手机 实惠 活动 时候,商品1.csv
1,很喜欢小米手机，摩托姐姐支持王一博。,2026年1月8日,"{'机身颜色': '山峦青', '套餐类型': '官方标配', '存储容量': '12GB+256GB'}",很喜欢小米手机摩托姐姐支持王一博,喜欢 小米 手机 摩托 姐姐 支持 王一博,商品1.csv
1,手机拿到手就特别有质感，看电视刷视频打游戏都很流畅，好评好评！,2025年11月12日,"{'机身颜色': '汐月蓝', '套餐类型': '官方标配', '存储容量': '16GB+256GB'}",手机拿到手就特别有质感看电视刷视频打游戏都很流畅好评好评,手机 拿到 特别 质感 看电视 视频 打游戏 流畅 好评 好评,商品1.csv
1,好用 物流也很快 包装拆开也是完好的没有破损,2025年11月12日,"{'机身颜色': '玄夜黑', '套餐类型': '官方标配', '存储容量': '16GB+256GB'}",好用 物流也很快 包装拆开也是完好的没有破损,好用 物流 很快 包装 拆开 完好 没有 破损,商品1.csv
1,红米K80，天猫旗舰店购买。质量好，服务好。手机非常棒。喜欢的可以入手。,2025年11月3日,"{'机身颜色': '山峦青', '套餐类型': '官方标配', '存储容量': '12GB+256GB'}",红米天猫旗舰店购买质量好服务好手机非常棒喜欢的可以入手,红米 天猫 旗舰店 购买 质量 服务 手机 非常 喜欢 可以 入手,商品1.csv
1,还不错，小米的忠实粉丝了。,2026年1月7日,"{'机身颜色': '山峦青', '套餐类型': '官方标配', '存储容量': '12GB+512GB'}",还不错小米的忠实粉丝了,不错 小米 忠实 粉丝,商品1.csv
1,买来送给妈**，还没有用，应该还是很不错的，价格很划算,2025年12月21日,"{'机身颜色': '雪岩白', '套餐类型': '官方标配', '存储容量': '12GB+256GB'}",买来送给妈还没有用应该还是很不错的价格很划算,买来 送给 没有 应该 还是 不错 价格 划算,商品1.csv
1,目前感觉还不错不知道后期怎么样,2025年11月30日,"{'机身颜色': '汐月蓝', '套餐类型': '官方标配', '存储容量': '12GB+256GB'}",目前感觉还不错不知道后期怎么样,目前 感觉 不错 知道 后期 怎么样,商品1.csv
1,发货快，包装也好，挺满意的！,2025年11月30日,"{'机身颜色': '山峦青', '套餐类型': '官方标配', '存储容量': '12GB+256GB'}",发货快包装也好挺满意的,发货 包装 也好 满意,商品1.csv
1,新手机比较好用。是小米正品。,2025年12月9日,"{'机身颜色': '山峦青', '套餐类型': '官方标配', '存储容量': '12GB+512GB'}",新手机比较好用是小米正品,新手机 比较 好用 小米 正品,商品1.csv
1,太牛了，超好用，性价比高，颜值高，手感好，一直支持小米！！！,2025年11月11日,"{'机身颜色': '山峦青', '套餐类型': '官方标配', '存储容量': '16GB+256GB'}",太牛了超好用性价比高颜值高手感好一直支持小米,太牛 超好 性价比 高颜值 高手 感好 一直 支持 小米,商品1.csv
1,好看 很喜欢,2026年2月6日,"{'机身颜色': '汐月蓝', '套餐类型': '官方标配', '存储容量': '12GB+256GB'}",好看 很喜欢,好看 喜欢,商品1.csv
1,目前用着还可以,2025年12月20日,"{'机身颜色': '山峦青', '套餐类型': '官方标配', '存储容量': '12GB+512GB'}",目前用着还可以,目前 可以,商品1.csv
1,谢谢国家给的优惠，虽然没了开箱的乐趣，但是实实在在的优惠给到位了。,2025年12月20日,"{'机身颜色': '雪岩白', '套餐类型': '官方标配', '存储容量': '12GB+512GB'}",谢谢国家给的优惠虽然没了开箱的乐趣但是实实在在的优惠给到位了,谢谢 国家 优惠 虽然 开箱 乐趣 但是 实实在在 优惠 到位,商品1.csv
1,性能小巨兽，唯一不足的就是抢不上政府补贴。 ,2025年11月16日,"{'机身颜色': '玄夜黑', '套餐类型': '官方标配', '存储容量': '16GB+256GB'}",性能小巨兽唯一不足的就是抢不上政府补贴,性能 巨兽 唯一 不足 就是 抢不上 政府 补贴,商品1.csv
1,手机收到了，挺好的，不到2000.官方店放心。老公试了也挺好。我打算自己也买个。就是最近有点贵了，过几天有活动再买吧。推荐购买。,2025年11月22日,"{'机身颜色': '山峦青', '套餐类型': '官方标配', '存储容量': '12GB+512GB'}",手机收到了挺好的不到官方店放心老公试了也挺好我打算自己也买个就是最近有点贵了过几天有活动再买吧推荐购买,手机 收到 不到 官方 放心 老公 打算 自己 买个 就是 最近 有点 几天 活动 推荐 购买,商品1.csv
1,双十一当天还是比较优惠的，手机用着不错。,2025年11月22日,"{'机身颜色': '汐月蓝', '套餐类型': '官方标配', '存储容量': '16GB+1024GB'}",双十一当天还是比较优惠的手机用着不错,双十 当天 还是 比较 优惠 手机 不错,商品1.csv
1,好，非常好。小米值得信赖。淘宝值得信赖。,2025年11月22日,"{'机身颜色': '汐月蓝', '套餐类型': '官方标配', '存储容量': '12GB+256GB'}",好非常好小米值得信赖淘宝值得信赖,非常 小米 值得 信赖 淘宝 值得 信赖,商品1.csv
1,总体不错，买给家人的,2026年2月5日,"{'机身颜色': '汐月蓝', '套餐类型': '官方标配', '存储容量': '12GB+256GB'}",总体不错买给家人的,总体 不错 家人,商品1.csv
1,活动价格挺便宜的，买给妈妈用，系统流畅，外观也不错,2025年11月6日,"{'机身颜色': '雪岩白', '套餐类型': '官方标配', '存储容量': '12GB+256GB'}",活动价格挺便宜的买给妈妈用系统流畅外观也不错,活动 价格 便宜 妈妈 系统 流畅 外观 不错,商品1.csv
1,不玩虚的，K80流畅不卡，电池耐用，充电也快，性价比没话说！,2025年11月10日,"{'机身颜色': '山峦青', '套餐类型': '官方标配', '存储容量': '12GB+256GB'}",不玩虚的流畅不卡电池耐用充电也快性价比没话说,不玩虚 流畅 不卡 电池 耐用 充电 性价比 没话说,商品1.csv
1,买给老妈用的，这个机子性价比很高，用用看先,2025年11月10日,"{'机身颜色': '雪岩白', '套餐类型': '官方标配', '存储容量': '16GB+512GB'}",买给老妈用的这个机子性价比很高用用看先,老妈 这个 机子 性价比 高用,商品1.csv
1,发货快速，手机质感不错，程序运行流畅,2025年11月10日,"{'机身颜色': '山峦青', '套餐类型': '官方标配', '存储容量': '16GB+256GB'}",发货快速手机质感不错程序运行流畅,发货 快速 手机 质感 不错 程序运行 流畅,商品1.csv
1,选了16+512的，收货后两天平台双十一活动降价，申请保价成功秒到账，用得顺手,2025年11月10日,"{'机身颜色': '山峦青', '套餐类型': '官方标配', '存储容量': '16GB+512GB'}",选了的收货后两天平台双十一活动降价申请保价成功秒到账用得顺手,收货 两天 平台 双十 活动 降价 申请 保价 成功 账用 顺手,商品1.csv
1,蓝色很好看，2K屏幕非常好，以后还用2K,2025年11月21日,"{'机身颜色': '汐月蓝', '套餐类型': '官方标配', '存储容量': '12GB+256GB'}",蓝色很好看屏幕非常好以后还用,蓝色 好看 屏幕 非常 以后,商品1.csv
1,用了一段时间，体验很好，价格不高，机子好用，电池很耐用。,2025年11月21日,"{'机身颜色': '雪岩白', '套餐类型': '官方标配', '存储容量': '16GB+256GB'}",用了一段时间体验很好价格不高机子好用电池很耐用,一段时间 体验 价格 不高 机子 好用 电池 耐用,商品1.csv
1,红米K80先用着在看吧！,2025年12月7日,"{'机身颜色': '山峦青', '套餐类型': '官方标配', '存储容量': '12GB+256GB'}",红米先用着在看吧,红米 先用 看吧,商品1.csv
1,买给老人用的，对于老人家来说性能有点过剩了，但价格划算就买了，手机外观好看，拍照屏幕音质都好用，电池大充电快，系统设置简易模式给老人用就行了，省心。12+256可以用五年以上。,2025年10月25日,"{'机身颜色': '山峦青', '套餐类型': '官方标配', '存储容量': '12GB+256GB'}",买给老人用的对于老人家来说性能有点过剩了但价格划算就买了手机外观好看拍照屏幕音质都好用电池大充电快系统设置简易模式给老人用就行了省心可以用五年以上,老人 对于 老人家 来说 性能 有点 过剩 价格 划算 手机 外观 好看 拍照 屏幕 音质 电池 充电 系统 设置 简易 模式 老人 就行了 省心 可以 五年 以上,商品1.csv
1,手机很好。还想买台K80pro ，能不能上一波呀,2025年12月18日,"{'机身颜色': '玄夜黑', '套餐类型': '官方标配', '存储容量': '12GB+512GB'}",手机很好还想买台 能不能上一波呀,手机 不能 一波,商品1.csv
1,商品收到了 很好用 很丝滑 红米K80值得购买 性价比很高,2025年12月18日,"{'机身颜色': '雪岩白', '套餐类型': '官方标配', '存储容量': '12GB+256GB'}",商品收到了 很好用 很丝滑 红米值得购买 性价比很高,商品 收到 很丝滑 红米 值得 购买 性价比,商品1.csv
1,比K50速度快，与K70差不多，充电比较快，发热多，到气温高时更要注意。纳闷的是这个电池比较容量大，对比旧K系列，一天下来，还是剩百分之40，希望能提升续航时间。习惯性好评。,2025年10月28日,"{'机身颜色': '雪岩白', '套餐类型': '官方标配', '存储容量': '16GB+256GB'}",比速度快与差不多充电比较快发热多到气温高时更要注意纳闷的是这个电池比较容量大对比旧系列一天下来还是剩百分之希望能提升续航时间习惯性好评,速度 差不多 充电 比较 发热 多到 气温 高时 注意 纳闷 这个 电池 比较 容量 对比 系列 一天 下来 还是 百分之 希望 提升 续航 时间 习惯性 好评,商品1.csv
1,习惯好评。使用一个月后追评。,2025年12月6日,"{'机身颜色': '玄夜黑', '套餐类型': '官方标配', '存储容量': '12GB+256GB'}",习惯好评使用一个月后追评,习惯 好评 使用 一个月 追评,商品1.csv
1,手机收到了并进行使用，感觉非常不错，画质非常清晰，用的很流畅，值得购买。,2025年11月20日,"{'机身颜色': '汐月蓝', '套餐类型': '官方标配', '存储容量': '12GB+256GB'}",手机收到了并进行使用感觉非常不错画质非常清晰用的很流畅值得购买,手机 收到 进行 使用 感觉 非常 不错 画质 非常 清晰 流畅 值得 购买,商品1.csv
1,物流非常快，商品质量超乎想象的好，卖家的服务态度也非常好，总之是一次愉快的购物体验。,2025年11月14日,"{'机身颜色': '山峦青', '套餐类型': '官方标配', '存储容量': '12GB+512GB'}",物流非常快商品质量超乎想象的好卖家的服务态度也非常好总之是一次愉快的购物体验,物流 非常 商品质量 超乎 想象 卖家 服务态度 非常 总之 一次 愉快 购物 体验,商品1.csv
1,手机还不错，买给老爸用的，买的比较大的内存，足够他老人家用很久了！款式挺好看，时尚！特意给老爸挑的蓝色，也比较适合男士用！用得好会再来回购的！,2025年10月24日,"{'机身颜色': '汐月蓝', '套餐类型': '官方标配', '存储容量': '12GB+512GB'}",手机还不错买给老爸用的买的比较大的内存足够他老人家用很久了款式挺好看时尚特意给老爸挑的蓝色也比较适合男士用用得好会再来回购的,手机 不错 老爸 比较 内存 足够 老人家 款式 好看 时尚 特意 老爸 蓝色 比较 适合 男士 用用 回购,商品1.csv
1,趁搞活动买的  电池很耐用  用起来也很流畅  再用一段时间看看咋样,2025年11月8日,"{'机身颜色': '山峦青', '套餐类型': '官方标配', '存储容量': '12GB+512GB'}",趁搞活动买的  电池很耐用  用起来也很流畅  再用一段时间看看咋样,活动 电池 耐用 起来 流畅 再用 一段时间 看看 咋样,商品1.csv
1,不错，挺好用的,2026年1月27日,"{'机身颜色': '雪岩白', '套餐类型': '官方标配', '存储容量': '12GB+256GB'}",不错挺好用的,不错 挺好用,商品1.csv
1,还可以，特意买的大内存，买来当备用机的，就是系统更新有点频繁,2025年11月26日,"{'机身颜色': '雪岩白', '套餐类型': '官方标配', '存储容量': '16GB+512GB'}",还可以特意买的大内存买来当备用机的就是系统更新有点频繁,可以 特意 内存 买来 备用机 就是 系统 更新 有点 频繁,商品1.csv
1,便宜皮实！没啥要求！1不到2000块钱的手机，要求不能太高！90W快充+超声波指纹+骁龙8Gen3足够了！,2025年11月13日,"{'机身颜色': '玄夜黑', '套餐类型': '官方标配', '存储容量': '12GB+256GB'}",便宜皮实没啥要求不到块钱的手机要求不能太高快充超声波指纹骁龙足够了,便宜 皮实 要求 不到 块钱 手机 要求 不能 太高 快充 超声波 指纹 骁龙 足够,商品1.csv
