评论,分数,产品,名字,评论ID,清洗后评论,分词后评论,来源文件
一直想给妈妈换一个手机，趁着双12手机打折，找到这款小米K80。价格很优惠，买到后迫不及待的开机，使用体验还不错，多用几天看看效果。,5,已购 山峦青 12GB+256GB,0***2,0,一直想给妈妈换一个手机趁着双手机打折找到这款小米价格很优惠买到后迫不及待的开机使用体验还不错多用几天看看效果,一直 妈妈 一个 手机 趁着 手机 打折 找到 小米 价格 优惠 买到 迫不及待 开机 使用 体验 不错 多用 几天 看看 效果,商品2.csv
现在红米还是有性价比的，虽然我不买了，但是给老人家买，还是很不错的。堆料小米没输过谁。2k屏幕，骁龙8gen3，ip68防水，都是可以的,5,已购 汐月蓝 12GB+256GB,坚强的猪先生,1,现在红米还是有性价比的虽然我不买了但是给老人家买还是很不错的堆料小米没输过谁屏幕骁龙防水都是可以的,现在 红米 还是 性价比 虽然 但是 老人家 还是 不错 堆料 小米 没输 屏幕 骁龙 防水 可以,商品2.csv
一直在京东买手机，没出过问题，红米k80应该是这个价位性价比最高的了，用久一点没问题，一年两年以后小米换电池比较方便,5,已购 玄夜黑 12GB+256GB,罪与罚1993,2,一直在京东买手机没出过问题红米应该是这个价位性价比最高的了用久一点没问题一年两年以后小米换电池比较方便,一直 京东 买手机 出过 问题 红米 应该 这个 价位 性价比 最高 一点 问题 一年 两年 以后 小米 电池 比较 方便,商品2.csv
红米K80性价比拉满！骁龙8 Gen3+2K护眼直屏流畅丝滑，6550mAh大电池+90W快充告别电量焦虑，金属中框质感在线，日常用机、游戏都靠谱,5,已购 雪岩白 12GB+256GB,梁浩天,3,红米性价比拉满骁龙 护眼直屏流畅丝滑大电池快充告别电量焦虑金属中框质感在线日常用机游戏都靠谱,红米 性价比 拉满 骁龙 护眼 直屏 流畅 丝滑大 电池 快充 告别 电量 焦虑 金属 中框 质感 在线 日常 用机 游戏,商品2.csv
非常不错的一次购物体验商品活动，商品质量非常好，不愧为京东自营平台上的小米大厂家生产的正品行货。手机性能卓越，设计精美，适用性高，性价比高，真心值得拥有，快递小哥很给力，亲自上门服务到家，值得点赞👍🏻,5,已购 山峦青 16GB+1TB,秋天枫叶FY,4,非常不错的一次购物体验商品活动商品质量非常好不愧为京东自营平台上的小米大厂家生产的正品行货手机性能卓越设计精美适用性高性价比高真心值得拥有快递小哥很给力亲自上门服务到家值得点赞,非常 不错 一次 购物 体验 商品 活动 商品质量 非常 不愧为 京东 自营 平台 小米 厂家 生产 正品 行货 手机 性能 卓越 设计 精美 适用性 高性价比 真心 值得 拥有 快递 小哥 亲自 上门服务 到家 值得 点赞,商品2.csv
红米K80，2K屏蛮清晰的，电池可以的 ，中度使用6小时也就消耗了百分之60的电，一天一充可以的，90W的充电速度很快,5,已购 玄夜黑 12GB+256GB,陈***n,5,红米屏蛮清晰的电池可以的 中度使用小时也就消耗了百分之的电一天一充可以的的充电速度很快,红米 屏蛮 清晰 电池 可以 中度 使用 小时 消耗 百分之 一天 一充 可以 充电 速度 很快,商品2.csv
手机很快收到了，给朋友买的，她喜欢，喜欢比啥都重要，手感看着不错，颜值高用起来也顺手，新机很可以的，不错,5,已购 山峦青 12GB+256GB,j***g,6,手机很快收到了给朋友买的她喜欢喜欢比啥都重要手感看着不错颜值高用起来也顺手新机很可以的不错,手机 很快 收到 朋友 喜欢 喜欢 重要 手感 看着 不错 颜值 高用 起来 顺手 新机 可以 不错,商品2.csv
12+256，第三代骁龙8处理器速度很快，下载速度也很快。1600多性价比很高。屏幕挺大的，5600多mah电池容量够大。,5,已购 雪岩白 12GB+256GB,我i我佳521,7,第三代骁龙处理器速度很快下载速度也很快多性价比很高屏幕挺大的多电池容量够大,第三代 骁龙 处理器 速度 很快 下载速度 很快 性价比 屏幕 挺大 电池容量,商品2.csv
手机手感还不错，系统还是之前的小米系统，性价比挺高，主要还是价格实惠，我都是买隔代的，实惠，总体来说，不错,5,已购 汐月蓝 12GB+256GB,王宝王宝,8,手机手感还不错系统还是之前的小米系统性价比挺高主要还是价格实惠我都是买隔代的实惠总体来说不错,手机 手感 不错 系统 还是 之前 小米 系统 性价比 挺高 主要 还是 价格 实惠 隔代 实惠 总体 来说 不错,商品2.csv
性价比很高k八零过补之好价格很划算作为日常手机使用性能完全符合要求充电量大然后照片也清晰。给老妈换个手机，加上果脯很划算，大家可以重点考虑一下。京东物流也很给力下单当日就到。,5,已购 汐月蓝 16GB+256GB,jd小喇叭滴滴,9,性价比很高八零过补之好价格很划算作为日常手机使用性能完全符合要求充电量大然后照片也清晰给老妈换个手机加上果脯很划算大家可以重点考虑一下京东物流也很给力下单当日就到,性价比 高八零过 补之好 价格 划算 作为 日常 手机 使用性能 完全 符合要求 充电 然后 照片 清晰 老妈 换个 手机 加上 果脯 划算 大家 可以 重点 考虑一下 京东 物流 下单 当日,商品2.csv
"外形外观：外观很好看
拍照效果：拍照非常好，清晰，色彩鲜艳
运行速度：运行速度很快
下单就发货，价格实惠，有国补很划算，很满意",5,已购 汐月蓝 12GB+256GB,棉***6,10,"外形外观外观很好看
拍照效果拍照非常好清晰色彩鲜艳
运行速度运行速度很快
下单就发货价格实惠有国补很划算很满意",外形 外观 外观 好看 拍照 效果 拍照 非常 清晰 色彩鲜艳 运行 速度 运行 速度 很快 下单 发货 价格 实惠 有国补 划算 满意,商品2.csv
双十一购买的k80，原本纠结k80至尊或k90，最后综合考虑后选的k80，另外两个有大R角颜值高，但小米之家体验后实在是太宽了，反而k80修长握感更佳，整体性价比更高，原本觉得后面的圆形摄像头有点丑，但真机其实还可以，加上金属中框，后盖两段式玻璃设计挺不错，性能方面除了照相感觉跟旗舰机没太大区别，这次小米澎湃系统升级3.0后，整体提升明显，小爱同学也升级为超级小爱，Ai方面有很大提升。,5,已购 汐月蓝 16GB+512GB,张伟king,11,双十一购买的原本纠结至尊或最后综合考虑后选的另外两个有大角颜值高但小米之家体验后实在是太宽了反而修长握感更佳整体性价比更高原本觉得后面的圆形摄像头有点丑但真机其实还可以加上金属中框后盖两段式玻璃设计挺不错性能方面除了照相感觉跟旗舰机没太大区别这次小米澎湃系统升级后整体提升明显小爱同学也升级为超级小爱方面有很大提升,双十 购买 原本 纠结 至尊 最后 综合 考虑 后选 另外 两个 有大角 颜值 小米 体验 实在 反而 修长 握感 更佳 整体 性价比 高原 觉得 后面 圆形 摄像头 有点 真机 其实 可以 加上 金属 中框 两段式 玻璃 设计 挺不错 性能 方面 除了 照相 感觉 旗舰机 没太大 区别 这次 小米 澎湃 系统升级 整体 提升 明显 小爱 同学 升级 超级 小爱 方面 很大 提升,商品2.csv
已经记不清这是第几次购买小米的产品了。上部手机用了三年半，感觉还不错。但是电池不太给力了。这款也不错。性价比也不错。,5,已购 汐月蓝 16GB+1TB,R***W,12,已经记不清这是第几次购买小米的产品了上部手机用了三年半感觉还不错但是电池不太给力了这款也不错性价比也不错,已经 记不清 这是 第几次 购买 小米 产品 部手机 三年 感觉 不错 但是 电池 不太给力 这款 不错 性价比 不错,商品2.csv
红米的手机性价比这一块拉满，老妈的手机坏了给他刚买了一个k80 性能够用，算上国补到手1500多块钱，真心不错,5,已购 雪岩白 12GB+256GB,大波19890822,13,红米的手机性价比这一块拉满老妈的手机坏了给他刚买了一个 性能够用算上国补到手多块钱真心不错,红米 手机 性价比 一块 拉满 老妈 手机 一个 能够 用算 上国补 到手 块钱 真心 不错,商品2.csv
小米红米大品牌，一直用红米K系列的手机，非常好用，速度快，系统硬件优化得非常好！之前用K20，现在都不卡！,5,已购 汐月蓝 12GB+512GB,y***6,14,小米红米大品牌一直用红米系列的手机非常好用速度快系统硬件优化得非常好之前用现在都不卡,小米 红米 品牌 一直 用红米 系列 手机 非常 好用 速度 系统 硬件 优化 非常 之前 现在 不卡,商品2.csv
红米手机特别好用，是给父母买的刚刚给爸爸买了一个很好用然后又下单了一个给妈妈买的外放声音也很大使用很喜欢待机时间也很长充电速度快手感舒适,5,已购 雪岩白 12GB+256GB,酸奶味的长颈,15,红米手机特别好用是给父母买的刚刚给爸爸买了一个很好用然后又下单了一个给妈妈买的外放声音也很大使用很喜欢待机时间也很长充电速度快手感舒适,红米 手机 特别 好用 父母 刚刚 爸爸 一个 然后 下单 一个 妈妈 外放 声音 很大 使用 喜欢 待机时间 很长 充电 速度 手感 舒适,商品2.csv
买手机都习惯性在京东上买 之前用的是小米k70 不小心摔坏了就又买了这个k80 昨天晚上买的 今天早上10点多就送到了 速度是挺快的 小米换机速度也挺快的 刚开始用 应该不错,5,已购 玄夜黑 16GB+256GB,可爱的小小余,16,买手机都习惯性在京东上买 之前用的是小米 不小心摔坏了就又买了这个 昨天晚上买的 今天早上点多就送到了 速度是挺快的 小米换机速度也挺快的 刚开始用 应该不错,买手机 习惯性 京东 之前 小米 小心 摔坏 这个 昨天晚上 今天 早上 点多 送到 速度 挺快 小米 换机 速度 挺快 开始 应该 不错,商品2.csv
红米k80这个外观还是很不错的，特别喜欢这个蓝色，拍照很好看，充电速度：12分钟从83度电充到97度。,5,已购 汐月蓝 12GB+256GB,jd_zc3p3pkvt475eq,17,红米这个外观还是很不错的特别喜欢这个蓝色拍照很好看充电速度分钟从度电充到度,红米 这个 外观 还是 不错 特别 喜欢 这个 蓝色 拍照 好看 充电 速度 分钟 从度 电充 到度,商品2.csv
红米k系列手机，名副其实的物美价廉。多年来，一直钟情于K系列手机，从K30PRO一直买到K80手机，优秀的手机系统，获得了非常棒的使用体验。点赞！推荐！,5,已购 山峦青 12GB+256GB,jd_海涯创意,18,红米系列手机名副其实的物美价廉多年来一直钟情于系列手机从一直买到手机优秀的手机系统获得了非常棒的使用体验点赞推荐,红米 系列 手机 名副其实 物美价廉 多年 一直 钟情 系列 手机 一直 手机 优秀 手机 系统 获得 非常 使用 体验 点赞 推荐,商品2.csv
哦，价格很实惠，赶上果宝的尾巴，小米品牌值得信赖，大家一起快冲吧，系统流畅不卡顿骁龙八加芯芯片，它带给你澎湃动力了解,5,已购 雪岩白 12GB+256GB,中国奥斯卡影帝新秀,19,哦价格很实惠赶上果宝的尾巴小米品牌值得信赖大家一起快冲吧系统流畅不卡顿骁龙八加芯芯片它带给你澎湃动力了解,价格 实惠 赶上 果宝 尾巴 小米 品牌 值得 信赖 大家 一起 快冲 系统 流畅 不卡顿 骁龙八加 芯片 带给 澎湃 动力 了解,商品2.csv
红米K80至尊版太香了！天玑9400+性能强劲，游戏满帧不卡顿，144Hz高刷屏丝滑流畅，7410mAh大电池续航超强，100W快充回血快。金属中框质感高级，IP68防水、对称双扬、超声波指纹一应俱全，同价位性价比拉满，物流快包装严实，非常满意！,5,已购 云杉绿 12GB+256GB,x***5,20,红米至尊版太香了天玑性能强劲游戏满帧不卡顿高刷屏丝滑流畅大电池续航超强快充回血快金属中框质感高级防水对称双扬超声波指纹一应俱全同价位性价比拉满物流快包装严实非常满意,红米 至尊版 太香 天玑 性能 强劲 游戏 满帧 不卡顿 刷屏 丝滑 流畅 电池 续航 超强 快充 回血快 金属 中框 质感 高级 防水 对称 双扬 超声波 指纹 一应俱全 同价位 性价比 拉满 物流 包装 严实 非常 满意,商品2.csv
这手机玩游戏真不错，性能拉满，无卡顿，上分首选，屏幕大，视觉效果好，震动带感，玩王者荣耀不怎么发热，照相，看视频也可以，必定是性能机。放心买。,5,已购 月岩白 12GB+256GB,看***买,21,这手机玩游戏真不错性能拉满无卡顿上分首选屏幕大视觉效果好震动带感玩王者荣耀不怎么发热照相看视频也可以必定是性能机放心买,手机 玩游戏 真不错 性能 拉满 无卡顿 上分 首选 屏幕 视觉效果 震动 带感 王者 荣耀 不怎么 发热 照相 视频 可以 必定 性能 放心,商品2.csv
Redmi K80至尊，体验远超预期！天玑9400+处理器配合独显D2芯片，玩《和平精英》144帧丝滑无比，散热也压得住。7410mAh的超大电池是最大惊喜，重度使用一天还有余电，彻底告别充电宝。1.5K 144Hz直屏显示清晰，支持全亮度DC调光很护眼。金属中框+IP68防水防尘，还有超声波指纹、对称双扬和超宽频马达，这个价位给的太足了，性价比之王！,5,已购 冰锋蓝 16GB+512GB,会员79363,22,至尊体验远超预期天玑处理器配合独显芯片玩和平精英帧丝滑无比散热也压得住的超大电池是最大惊喜重度使用一天还有余电彻底告别充电宝 直屏显示清晰支持全亮度调光很护眼金属中框防水防尘还有超声波指纹对称双扬和超宽频马达这个价位给的太足了性价比之王,至尊 体验 远超 预期 天玑 处理器 配合 独显 芯片 和平 精英 无比 散热 压得 超大 电池 最大 惊喜 重度 使用 一天 还有 余电 彻底 告别 充电 直屏 显示 清晰 支持 亮度 调光 护眼 金属 中框 防水 防尘 还有 超声波 指纹 对称 双扬 宽频 马达 这个 价位 太足 性价比 之王,商品2.csv
买来给我爸用的，颜色非常合我心意，磨砂手感，拍照也非常不错，有特色，处理器对我爸来讲很够用，主要是喇叭我觉得很棒，这也是这款手机的亮点所在，总体来讲就是非常适合我爸，是一款很不错的手机,5,已购 砂岩灰 12GB+256GB,c***h,23,买来给我爸用的颜色非常合我心意磨砂手感拍照也非常不错有特色处理器对我爸来讲很够用主要是喇叭我觉得很棒这也是这款手机的亮点所在总体来讲就是非常适合我爸是一款很不错的手机,买来 爸用 颜色 非常 心意 磨砂 手感 拍照 非常 不错 特色 处理器 来讲 够用 主要 喇叭 觉得 很棒 这款 手机 亮点 所在 总体 来讲 就是 非常适合 我爸 一款 不错 手机,商品2.csv
还行，大小合适，目前用着挺顺滑，就是第一次充电就发热得很，续航的话，用的比较少，一天下来就是100-80这样，数据转移蛮好的，原来的设置基本全搬过来了,5,已购 砂岩灰 12GB+256GB,k***1,24,还行大小合适目前用着挺顺滑就是第一次充电就发热得很续航的话用的比较少一天下来就是这样数据转移蛮好的原来的设置基本全搬过来了,大小 合适 目前 顺滑 就是 第一次 充电 发热 续航 的话 比较 一天 下来 就是 这样 数据 转移 原来 设置 基本 全搬 过来,商品2.csv
给孩子换的手机，配置、性能足够用了。玩游戏很赞，画面清晰。送货很快，第二天就送到了，还能用国补。手机充电速度很快。目前使用良好。,5,已购 冰锋蓝 12GB+512GB,晓萱225,25,给孩子换的手机配置性能足够用了玩游戏很赞画面清晰送货很快第二天就送到了还能用国补手机充电速度很快目前使用良好,孩子 手机 配置 性能 足够 玩游戏 很赞 画面 清晰 送货 很快 第二天 送到 国补 手机 充电 速度 很快 目前 使用 良好,商品2.csv
手机性价比高。电池很耐用。这款手机的电池有7000多毫安两电一充都不要紧。而且用起来也很流畅，跑分分数也很高。值得入手。,5,已购 月岩白 12GB+256GB,蒋***师,26,手机性价比高电池很耐用这款手机的电池有多毫安两电一充都不要紧而且用起来也很流畅跑分分数也很高值得入手,手机 性价比 电池 耐用 手机 电池 毫安 两电 一充 不要紧 而且 起来 流畅 分数 值得 入手,商品2.csv
物流很快，包装很好，打开手机试了一下各项功能正常，标识和系统符合购买要求，屏幕够大能调整字体大小，适合岁数大点的人用，使用一段时间后看看效果，再追评。,5,已购 砂岩灰 16GB+512GB,南波061,27,物流很快包装很好打开手机试了一下各项功能正常标识和系统符合购买要求屏幕够大能调整字体大小适合岁数大点的人用使用一段时间后看看效果再追评,物流 很快 包装 打开 手机 一下 各项 功能 正常 标识 系统 符合 购买 要求 屏幕 大能 调整 字体大小 适合 岁数 大点 人用 使用 一段时间 看看 效果 追评,商品2.csv
太好看了吧，这真的超级的喜欢，作为一个备用机真的超级好用，要不是我有主机了，真的可以心头爱了，运行超级流畅，而且手感嘎嘎好，喜欢喜欢,5,已购 砂岩灰 12GB+256GB,小北呀呀北北,28,太好看了吧这真的超级的喜欢作为一个备用机真的超级好用要不是我有主机了真的可以心头爱了运行超级流畅而且手感嘎嘎好喜欢喜欢,好看 真的 超级 喜欢 作为 一个 备用机 真的 超级 好用 要不是 主机 真的 可以 心头 运行 超级 流畅 而且 手感 嘎嘎 喜欢 喜欢,商品2.csv
使用了，才来评价的确实不错，运行的很流畅，听说还要涨价赶紧买一台当备用机，两千不到的价格确实很棒，玩游戏，刷视频都很流畅，下次再来。,5,已购 云杉绿 12GB+256GB,n***_,29,使用了才来评价的确实不错运行的很流畅听说还要涨价赶紧买一台当备用机两千不到的价格确实很棒玩游戏刷视频都很流畅下次再来,使用 评价 确实 不错 运行 流畅 听说 还要 涨价 赶紧 一台 备用机 两千 不到 价格 确实 很棒 玩游戏 视频 流畅 下次,商品2.csv
选了好久终于选择了小米k80至尊版，上现在入手性价比超好，加上超长续航的电池，天玑9400芯片，D2独显芯片，运行绝大多数游戏都流畅自如！拍照功能也很强大！,5,已购 云杉绿 16GB+512GB,jd_爆裂都市,30,选了好久终于选择了小米至尊版上现在入手性价比超好加上超长续航的电池天玑芯片独显芯片运行绝大多数游戏都流畅自如拍照功能也很强大,好久 终于 选择 小米 至尊版 现在 入手 性价比 超好 加上 超长 续航 电池 天玑 芯片 独显 芯片 运行 绝大多数 游戏 流畅 自如 拍照 功能 强大,商品2.csv
家里老人之前用的小米9，好多年了，已经卡的不好用了。由于习惯了小米系统，这次买了这个红米k80，512g内存的，应该能用几年了。,5,已购 月岩白 12GB+512GB,i***p,31,家里老人之前用的小米好多年了已经卡的不好用了由于习惯了小米系统这次买了这个红米内存的应该能用几年了,家里 老人 之前 小米 好多年 已经 不好 由于 习惯 小米 系统 这次 这个 红米 内存 应该 几年,商品2.csv
用了一段时间了，本来要买华为的，我儿子说买这个款，用着也可以，容量都很大，就是我用着有点大，应该习惯就好了，别的都挺好,5,已购 月岩白 12GB+512GB,xiangxiang1981,32,用了一段时间了本来要买华为的我儿子说买这个款用着也可以容量都很大就是我用着有点大应该习惯就好了别的都挺好,一段时间 本来 华为 儿子 这个 款用 可以 容量 很大 就是 我用 有点 应该 习惯 别的,商品2.csv
"以旧换新：直接买新的嗯
外形外观：挺不错的的，值得购买推荐
屏幕音效：音效一级棒！手推！
拍照效果：拍照还行，
运行速度：特别不错不错
待机时间：这个非常不错的嘛
其他特色：马达和音响！再加超高性价比！特别不错值得推荐购买！",5,已购 月岩白 12GB+512GB,j***E,33,"以旧换新直接买新的嗯
外形外观挺不错的的值得购买推荐
屏幕音效音效一级棒手推
拍照效果拍照还行
运行速度特别不错不错
待机时间这个非常不错的嘛
其他特色马达和音响再加超高性价比特别不错值得推荐购买",以旧换新 直接 外形 外观 挺不错 值得 购买 推荐 屏幕 音效 音效 一级 手推 拍照 效果 拍照 运行 速度 特别 不错 不错 待机时间 这个 非常 不错 其他 特色 马达 音响 加超 高性价比 特别 不错 值得 推荐 购买,商品2.csv
买给老妈的手机，因为价格实在太便宜了，必须买给老人用，内存买个大的，然后电池很大，可以用很久才充电，充电速度也快，系统很流畅，拍照够用了。神机。,5,已购 月岩白 12GB+512GB,L***N,34,买给老妈的手机因为价格实在太便宜了必须买给老人用内存买个大的然后电池很大可以用很久才充电充电速度也快系统很流畅拍照够用了神机,老妈 手机 因为 价格 实在 便宜 必须 老人 内存 买个 然后 电池 很大 可以 充电 充电 速度 系统 流畅 拍照 够用 神机,商品2.csv
✨手机图案雅致，设计很有韵味呢。系统很流畅，用着还挺好的，好在快递包装严实，送货速度也快，配送员服务态度也好👍。希望下次商品质量能更有保障呀～,5,已购 月岩白 12GB+512GB,小可乐罐儿,35,手机图案雅致设计很有韵味呢系统很流畅用着还挺好的好在快递包装严实送货速度也快配送员服务态度也好希望下次商品质量能更有保障呀,手机 图案 雅致 设计 韵味 系统 流畅 快递 包装 严实 送货 速度 配送 服务态度 也好 希望 下次 商品质量 保障,商品2.csv
小米的手机性价比一直很高，这次换手机果断又入手小米，大小合适，颜值很高，重量合适合，还是一如既往的满意，会继续支持！,5,已购 月岩白 12GB+512GB,jd_fjhh349,36,小米的手机性价比一直很高这次换手机果断又入手小米大小合适颜值很高重量合适合还是一如既往的满意会继续支持,小米 手机 性价比 一直 这次 手机 果断 入手 小米 大小 合适 颜值 重量 适合 还是 一如既往 满意 继续 支持,商品2.csv
"外形外观：白色很喜欢，很有那种青春感
屏幕音效：杜比全声音量，很有那种打游戏的氛围感
拍照效果：拍照清晰，没有杂质，IP 68防水",5,已购 月岩白 12GB+512GB,u_th7pwadtap3g,37,"外形外观白色很喜欢很有那种青春感
屏幕音效杜比全声音量很有那种打游戏的氛围感
拍照效果拍照清晰没有杂质 防水",外形 外观 白色 喜欢 那种 青春 屏幕 音效 杜比 声音 那种 打游戏 氛围 拍照 效果 拍照 清晰 没有 杂质 防水,商品2.csv
这款手机手感极佳，屏幕显示细腻色彩饱满，拍照效果惊艳，续航持久，系统流畅不卡顿，性价比超高，强烈推荐！,5,已购 月岩白 12GB+512GB,初濑伊纲_,38,这款手机手感极佳屏幕显示细腻色彩饱满拍照效果惊艳续航持久系统流畅不卡顿性价比超高强烈推荐,手机 手感 极佳 屏幕显示 细腻 色彩 饱满 拍照 效果 惊艳 续航 持久 系统 流畅 不卡顿 性价比 超高 强烈推荐,商品2.csv
这款旗舰机堪称全能选手，卫星通信功能实用性拉满，拍照色彩还原真实细腻，续航撑满全天无压力。机身握持感舒适，系统流畅丝滑，大内存应对多任务也不卡顿，商务、日常、摄影需求全满足，贵有贵的道理。,5,已购 月岩白 12GB+512GB,j***k,39,这款旗舰机堪称全能选手卫星通信功能实用性拉满拍照色彩还原真实细腻续航撑满全天无压力机身握持感舒适系统流畅丝滑大内存应对多任务也不卡顿商务日常摄影需求全满足贵有贵的道理,旗舰机 堪称 全能 选手 卫星通信 功能 实用性 拉满 拍照 色彩 还原 真实 细腻 续航 撑满 全天 压力 机身 握持 舒适 系统 流畅 丝滑大 内存 应对 多任务 不卡顿 商务 日常 摄影 需求 满足 贵有 道理,商品2.csv
补贴后价格非常合适，不愧性价比之王，之前给爱人买了一个，使用不错，自己也换一个，从屏幕大小和清晰度，运行速度，充电速度，续航这几个方面说，完全能满足我的使用需求。好评！,5,已购 月岩白 12GB+512GB,文武1105,40,补贴后价格非常合适不愧性价比之王之前给爱人买了一个使用不错自己也换一个从屏幕大小和清晰度运行速度充电速度续航这几个方面说完全能满足我的使用需求好评,补贴 价格 非常 合适 不愧 性价比 之王 之前 爱人 一个 使用 不错 自己 一个 屏幕 大小 清晰度 运行 速度 充电 速度 续航 几个 方面 完全 满足 使用 需求 好评,商品2.csv
物流很快，手机用起来很棒，拍照很清晰，不卡顿，一直是米粉一直用的小米手机，那我给你转了，这次是给家里人买的，家里人很喜欢期待后续使用体验哦,5,已购 冰锋蓝 12GB+256GB,齐咕隆咚锵,41,物流很快手机用起来很棒拍照很清晰不卡顿一直是米粉一直用的小米手机那我给你转了这次是给家里人买的家里人很喜欢期待后续使用体验哦,物流 很快 手机 起来 很棒 拍照 清晰 不卡顿 一直 米粉 一直 小米 手机 这次 家里人 家里人 喜欢 期待 后续 使用 体验,商品2.csv
拍照很清晰，电池很好用。很耐用，很流畅。很好很不错。自拍有美颜，外放，声音清晰。赠送充电器。很不错各类软件游戏流畅运行不卡的。,5,已购 月岩白 12GB+256GB,藥屋貓貓,43,拍照很清晰电池很好用很耐用很流畅很好很不错自拍有美颜外放声音清晰赠送充电器很不错各类软件游戏流畅运行不卡的,拍照 清晰 电池 耐用 流畅 不错 自拍 美颜 外放 声音 清晰 赠送 充电器 不错 各类 软件 游戏 流畅 运行 不卡,商品2.csv
这款手机使用体验非常流畅，屏幕清晰，拍照效果出色。电池续航能力强，满足日常需求。总体而言，性能稳定，性价比高，值得推荐。,5,已购 砂岩灰 12GB+256GB,-***-,44,这款手机使用体验非常流畅屏幕清晰拍照效果出色电池续航能力强满足日常需求总体而言性能稳定性价比高值得推荐,手机 使用 体验 非常 流畅 屏幕 清晰 拍照 效果 出色 电池 续航 能力 满足 日常 需求 总体而言 性能 稳定性 价比高 值得 推荐,商品2.csv
红米K80至尊版12+256G月岩白太香了！白色颜值干净高级，玻纤背板手感细腻不沾指纹，金属中框质感在线。天玑9400+性能强劲，游戏满帧不发烫，144Hz高刷屏顺滑护眼。7410mAh大电池续航超强，一天一充无压力，100W快充回血快。拍照清晰，日常够用，系统流畅不卡顿。256G存储足够用，性价比拉满，同价位几乎无短板，白色耐看又好用，非常推荐！,5,已购 月岩白 12GB+256GB,24d896sczn4rei,45,红米至尊版月岩白太香了白色颜值干净高级玻纤背板手感细腻不沾指纹金属中框质感在线天玑性能强劲游戏满帧不发烫高刷屏顺滑护眼大电池续航超强一天一充无压力快充回血快拍照清晰日常够用系统流畅不卡顿存储足够用性价比拉满同价位几乎无短板白色耐看又好用非常推荐,红米 至尊版 月岩 白太香 白色 颜值 干净 高级 玻纤 背板 手感 细腻 指纹 金属 中框 质感 在线 天玑 性能 强劲 游戏 满帧 不发 刷屏 顺滑 护眼 电池 续航 超强 一天 一充 压力 快充 回血快 拍照 清晰 日常 够用 系统 流畅 不卡顿 存储 足够 性价比 拉满 同价位 几乎 短板 白色 耐看 非常 推荐,商品2.csv
给家人买的，一直用这个品牌的手机，好用，小米值得信赖。物流这次有点小插曲，但是最后处理的还算满意，所以还是五星好评。,5,已购 冰锋蓝 16GB+512GB,i4kt9n80l3klcx,46,给家人买的一直用这个品牌的手机好用小米值得信赖物流这次有点小插曲但是最后处理的还算满意所以还是五星好评,家人 一直 这个 品牌 手机 好用 小米 值得 信赖 物流 这次 有点 插曲 但是 最后 处理 满意 所以 还是 五星 好评,商品2.csv
棒棒哒 手机很不错 刷新率蛮高的 使用过程中很丝滑棒棒哒棒棒哒 最开始买这个手机的时候其实期待值不是很高 也是抱着试一试的态度 买回来之后拆机,5,已购 冰锋蓝 12GB+256GB,8g0r08yi4ltutx,48,棒棒哒 手机很不错 刷新率蛮高的 使用过程中很丝滑棒棒哒棒棒哒 最开始买这个手机的时候其实期待值不是很高 也是抱着试一试的态度 买回来之后拆机,棒棒 手机 不错 刷新率 蛮高 使用 过程 棒棒 棒棒 开始 这个 手机 时候 其实 期待值 不是 试一试 态度 买回来 之后 拆机,商品2.csv
去线下店看过实物很喜欢，但是这款目前实体店都没货了，转战线上对比了几家平台，京东是最便宜的，国补可以直接使用，太方便了，以后买数码还会来京东。,5,已购 砂岩灰 12GB+512GB,kq2i3knc647cx0,49,去线下店看过实物很喜欢但是这款目前实体店都没货了转战线上对比了几家平台京东是最便宜的国补可以直接使用太方便了以后买数码还会来京东,线下 看过 实物 喜欢 但是 目前 实体店 没货 战线 对比 几家 平台 京东 便宜 国补 可以 直接 使用 方便 以后 数码 还会来 京东,商品2.csv
包装完好，没有磕碰什么的，而且价格也非常实惠，下次还会再来购买呢，非常喜欢的一款手机，用个一两年也没问题的，下次再回购。希望舒服,5,已购 冰锋蓝 12GB+256GB,冲***烂,50,包装完好没有磕碰什么的而且价格也非常实惠下次还会再来购买呢非常喜欢的一款手机用个一两年也没问题的下次再回购希望舒服,包装 完好 没有 磕碰 什么 而且 价格 非常 实惠 下次 还会 购买 非常 喜欢 一款 手机 用个 一两年 问题 下次 回购 希望 舒服,商品2.csv
Redmi K80至尊版太香了！天玑9400+性能强劲，游戏满帧不发烫，7410mAh大电池续航超强，144Hz高刷屏顺滑护眼，金属中框质感扎实，同价位性价比拉满，日常使用非常舒服。,5,已购 月岩白 12GB+256GB,n8g6f1zsmbk34u,51,至尊版太香了天玑性能强劲游戏满帧不发烫大电池续航超强高刷屏顺滑护眼金属中框质感扎实同价位性价比拉满日常使用非常舒服,至尊版 太香 天玑 性能 强劲 游戏 满帧 不发 电池 续航 超强 刷屏 顺滑 护眼 金属 中框 质感 扎实 同价位 性价比 拉满 日常 使用 非常 舒服,商品2.csv
手机质量很好，屏幕清晰度高，运行速度快。卖家服务态度很好，有问必答。发货速度很快，包装完好无损。非常满意这次购物体验！,5,已购 云杉绿 16GB+512GB,鲲宝暴富,52,手机质量很好屏幕清晰度高运行速度快卖家服务态度很好有问必答发货速度很快包装完好无损非常满意这次购物体验,手机 质量 屏幕 清晰度 运行 速度 卖家 服务态度 有问必答 发货 速度 很快 包装 完好无损 非常 满意 这次 购物 体验,商品2.csv
第一次买小米的，用起来还很顺手 ，操作流畅，启动快，充电快，外放声音大又好听，机型也是我想要的，很不错,5,已购 冰锋蓝 12GB+512GB,寒***1,53,第一次买小米的用起来还很顺手 操作流畅启动快充电快外放声音大又好听机型也是我想要的很不错,第一次 小米 起来 顺手 操作 流畅 启动 充电 外放 声音 好听 机型 想要 不错,商品2.csv
这款手机白色的颜色很喜欢电池容量很大可以两天一充。这款手机的跑分也很高。用起来比较流畅的值得拥有一下子买了两个给家人也一个我自己用一个。,5,已购 月岩白 12GB+256GB,蒋***师,54,这款手机白色的颜色很喜欢电池容量很大可以两天一充这款手机的跑分也很高用起来比较流畅的值得拥有一下子买了两个给家人也一个我自己用一个,手机 白色 颜色 喜欢 电池容量 很大 可以 两天 一充 这款 手机 高用 起来 比较 流畅 值得 拥有 一下子 两个 家人 一个 自己 一个,商品2.csv
用了几天才来评论，手感非常好，价格不贵，根本够用，比一万多的还好用，物流非常快，第一部小米用六那是儿子还没有出生,5,已购 砂岩灰 16GB+512GB,jd_zhang3738,55,用了几天才来评论手感非常好价格不贵根本够用比一万多的还好用物流非常快第一部小米用六那是儿子还没有出生,几天 评论 手感 非常 价格 根本 够用 一万多 还好 物流 非常 第一部 小米 儿子 没有 出生,商品2.csv
手机电池特别耐用，手机性能也比较好，就是昨天刚买的手机，今天就发现手机壳掉漆了。,3,已购 月岩白 12GB+256GB,BGrPUjmEzuvg,56,手机电池特别耐用手机性能也比较好就是昨天刚买的手机今天就发现手机壳掉漆了,手机电池 特别 耐用 手机 性能 比较 就是 昨天 刚买 手机 今天 发现 手机,商品2.csv
一直支持红米，非常实惠，适合我这种经济不富裕的人，但是手机功能齐全，画质清晰，运行流畅！,5,已购 砂岩灰 16GB+512GB,你***干,57,一直支持红米非常实惠适合我这种经济不富裕的人但是手机功能齐全画质清晰运行流畅,一直 支持 红米 非常 实惠 适合 这种 经济 富裕 但是 手机 功能齐全 画质 清晰 运行 流畅,商品2.csv
给老爸买的手机，用着挺顺手的，说还不错，很丝滑，待机时间也挺长，价格也合适，很好用,5,已购 冰锋蓝 12GB+512GB,张***丫,58,给老爸买的手机用着挺顺手的说还不错很丝滑待机时间也挺长价格也合适很好用,老爸 手机 顺手 不错 很丝滑 待机时间 挺长 价格 合适,商品2.csv
跟好用，待机时间长，运行速度特别快，拍照也很好看，一直喜欢红米这个牌子，值得信赖,5,已购 月岩白 12GB+256GB,付***7,59,跟好用待机时间长运行速度特别快拍照也很好看一直喜欢红米这个牌子值得信赖,待机时间 运行 速度 特别 拍照 好看 一直 喜欢 红米 这个 牌子 值得 信赖,商品2.csv
发货很快 早上买下午到 给家里人买的 一下子买了几部 很适合 好操作 会回购 外观很好看 买的灰色很高级,5,已购 砂岩灰 12GB+256GB,Y***Z,60,发货很快 早上买下午到 给家里人买的 一下子买了几部 很适合 好操作 会回购 外观很好看 买的灰色很高级,发货 很快 早上 下午 家里人 一下子 几部 适合 操作 回购 外观 好看 灰色 高级,商品2.csv
这手机拍照简直无敌，屏幕显示效果超惊艳，手感细腻贴合，成像清晰自然，太香了！推荐！,5,已购 月岩白 16GB+1T,tQCLupWjZtBt,61,这手机拍照简直无敌屏幕显示效果超惊艳手感细腻贴合成像清晰自然太香了推荐,手机 拍照 简直 无敌 屏幕显示 效果 惊艳 手感 细腻 合成 清晰 自然 太香 推荐,商品2.csv
"屏幕音效：很好，听歌很清晰，还可以听音乐，还有音乐。
拍照效果：清晰
运行速度：反应流畅
待机时间：大容量电池，待机时间长
其他特色：有国补，立马下单了，立即优惠二三百。",5,已购 冰锋蓝 12GB+256GB,飞***2,62,"屏幕音效很好听歌很清晰还可以听音乐还有音乐
拍照效果清晰
运行速度反应流畅
待机时间大容量电池待机时间长
其他特色有国补立马下单了立即优惠二三百",屏幕 音效 好听 清晰 可以 音乐 还有 音乐 拍照 效果 清晰 运行 速度 反应 流畅 待机时间 大容量 电池 待机时间 其他 特色 有国补 立马 下单 立即 优惠 二三百,商品2.csv
挺好用的，值得购买，性能很强，玩游戏很快，内存很大，以后再也不用担心内存的事情了，这是我拍的两张照片,5,已购 冰锋蓝 12GB+512GB,Young-福至,63,挺好用的值得购买性能很强玩游戏很快内存很大以后再也不用担心内存的事情了这是我拍的两张照片,挺好用 值得 购买 性能 很强 玩游戏 很快 内存 很大 以后 再也 不用 担心 内存 事情 两张 照片,商品2.csv
这次手机也从苹果换成了红米，特地使用了几天再来评价。颜值够高，做工够细，内存够大，速度够快，操作够畅，显示够靓，系统够顺，屏幕够大。惊喜多多，优惠多多，物超所值,5,已购 月岩白 12GB+256GB,颜兰兰,64,这次手机也从苹果换成了红米特地使用了几天再来评价颜值够高做工够细内存够大速度够快操作够畅显示够靓系统够顺屏幕够大惊喜多多优惠多多物超所值,这次 手机 苹果 换成 红米 特地 使用 几天 评价 颜值够 做工 内存 速度 够快 操作 显示 系统 屏幕 惊喜 多多 优惠 多多 物超所值,商品2.csv
选了好久最终入手K80 Ultra，果然没失望。性能强劲，多开应用也丝滑，散热做得不错。屏幕清晰护眼，144Hz刷新率看着舒服。续航不错，不过没有想象的那么耐用，IP68防水也实用。外观简约大气，细节做工扎实，这个价位能有这样的配置，真的物超所值，虽然商品有点小瑕疵，但售后也给解决了。推荐给注重实用性的朋友！,5,已购 月岩白 12GB+256GB,jeffrey1211,65,选了好久最终入手 果然没失望性能强劲多开应用也丝滑散热做得不错屏幕清晰护眼刷新率看着舒服续航不错不过没有想象的那么耐用防水也实用外观简约大气细节做工扎实这个价位能有这样的配置真的物超所值虽然商品有点小瑕疵但售后也给解决了推荐给注重实用性的朋友,好久 最终 入手 果然 失望 性能 强劲 多开 应用 散热 不错 屏幕 清晰 护眼 刷新率 看着 舒服 续航 不错 不过 没有 想象 那么 耐用 防水 实用 外观 简约 大气 细节 做工 扎实 这个 价位 这样 配置 真的 物超所值 虽然 商品 有点 瑕疵 售后 解决 推荐 注重 实用性 朋友,商品2.csv
手机漂亮，与介绍的一样，照片超清晰，通话也很清楚。这款用着超级好，算是千元机里面我感觉最好的啦，不卡顿，看视频、玩游戏非常流畅，颜色鲜艳，喜欢喜欢特别喜欢，我全家一直都是使用这个牌子手机。,5,已购 砂岩灰 12GB+256GB,jd_tprbyg88iw268h,66,手机漂亮与介绍的一样照片超清晰通话也很清楚这款用着超级好算是千元机里面我感觉最好的啦不卡顿看视频玩游戏非常流畅颜色鲜艳喜欢喜欢特别喜欢我全家一直都是使用这个牌子手机,手机 漂亮 介绍 一样 照片 清晰 通话 清楚 这款 超级 算是 千元 里面 感觉 最好 不卡顿 视频 玩游戏 非常 流畅 颜色 鲜艳 喜欢 喜欢 特别 喜欢 全家 一直 使用 这个 牌子 手机,商品2.csv
物流很快，手机屏幕很好，震动马达劲很大，外放很不错，手机系统很流畅，卡顿bug情况很少，整体值得推荐,5,已购 月岩白 16GB+256GB,j***m,67,物流很快手机屏幕很好震动马达劲很大外放很不错手机系统很流畅卡顿情况很少整体值得推荐,物流 很快 手机 屏幕 震动 马达 很大 外放 不错 手机 系统 流畅 卡顿 情况 很少 整体 值得 推荐,商品2.csv
手机很好用，买给小孩的。那个小孩用这个手机显得绰绰有余，用来学习读的英语，看看其他的什么学习软件非常的快，并且屏幕看起来也很柔和。电池电量大，两三天都不用充电。,5,已购 砂岩灰 16GB+1T,果***多,68,手机很好用买给小孩的那个小孩用这个手机显得绰绰有余用来学习读的英语看看其他的什么学习软件非常的快并且屏幕看起来也很柔和电池电量大两三天都不用充电,手机 小孩 那个 小孩 这个 手机 显得 绰绰有余 用来 学习 英语 看看 其他 什么 学习 软件 非常 并且 屏幕 看起来 柔和 电池电量 两三天 不用 充电,商品2.csv
"挺好的，性价比很高的，手机就是能用就行，拍照，内存可以就行。不需要太贵。
拍照效果：效果很好，图片清晰。运行速度快。用三四年可以的。",5,已购 砂岩灰 16GB+256GB,jd_0vq1432wmqnfc2,69,"挺好的性价比很高的手机就是能用就行拍照内存可以就行不需要太贵
拍照效果效果很好图片清晰运行速度快用三四年可以的",性价比 手机 就是 能用 拍照 内存 可以 就行 需要 太贵 拍照 效果 效果 图片 清晰 运行 速度 快用 三四年 可以,商品2.csv
质量还不错，续航时间长普通使用可以用三天，性能可以，日常使用完全没问题。自带的这个手机壳磨砂质感挺好的，,5,已购 云杉绿 12GB+256GB,克***斯,71,质量还不错续航时间长普通使用可以用三天性能可以日常使用完全没问题自带的这个手机壳磨砂质感挺好的,质量 不错 续航 时间 普通 使用 可以 三天 性能 可以 日常 使用 完全 问题 自带 这个 手机 磨砂 质感,商品2.csv
这款小米至尊版手机，款式好看，性能很好，颜值又高，声音够大，手感不错，买给儿子非常喜欢，爱不释手。加上价格适中，性价比极高。,5,已购 冰锋蓝 16GB+256GB,一亩地123,72,这款小米至尊版手机款式好看性能很好颜值又高声音够大手感不错买给儿子非常喜欢爱不释手加上价格适中性价比极高,小米 至尊版 手机 款式 好看 性能 颜值 声音 手感 不错 儿子 非常 喜欢 爱不释手 加上 价格 适中 性价比 极高,商品2.csv
"外形外观：小米的外观不错，都是长在我的审美上的。
屏幕音效：声音没问题，外放声音也够大，小喇叭
拍照效果：拍照够用了，没什么问题。
运行速度：速度可以，搭载天玑9400+",5,已购 月岩白 12GB+256GB,G***愿,73,"外形外观小米的外观不错都是长在我的审美上的
屏幕音效声音没问题外放声音也够大小喇叭
拍照效果拍照够用了没什么问题
运行速度速度可以搭载天玑",外形 外观 小米 外观 不错 审美 屏幕 音效 声音 问题 外放 声音 大小 喇叭 拍照 效果 拍照 够用 没什么 问题 运行 速度 速度 可以 搭载 天玑,商品2.csv
反正国补的力度确实非常大，嗯，京东的平台比其他的平台好像更便宜，整个屏幕是很大的，然后外壳是金属材质的，看起来比较有质感，给老人用应该是比较合适的。,5,已购 云杉绿 12GB+256GB,jd_12ojw8pv9cpo1y,74,反正国补的力度确实非常大嗯京东的平台比其他的平台好像更便宜整个屏幕是很大的然后外壳是金属材质的看起来比较有质感给老人用应该是比较合适的,反正 国补 力度 确实 非常 京东 平台 其他 平台 好像 便宜 整个 屏幕 很大 然后 外壳 金属 材质 看起来 比较 质感 老人 应该 比较 合适,商品2.csv
红米k80性价比很高的一款手机，电池耐用，屏幕显示高清，参与国补买的很实惠，使用起来很流畅不卡顿，推荐了朋友同事购买，非常满意的一次购物~~,5,已购 月岩白 12GB+256GB,俄罗斯天空,75,红米性价比很高的一款手机电池耐用屏幕显示高清参与国补买的很实惠使用起来很流畅不卡顿推荐了朋友同事购买非常满意的一次购物,红米 性价比 一款 手机电池 耐用 屏幕显示 高清 参与 国补 实惠 使用 起来 流畅 不卡顿 推荐 朋友 同事 购买 非常 满意 一次 购物,商品2.csv
很不错的一部手机，不管是外观，性能，尺寸，手感都挺喜欢的，趁着双十一活动入手了，价格很不错，虽然没买到最低价，但是这个价格比那些首发入手的省了几百块，用了一个月出头了，各方面都挺满意的,5,已购 云杉绿 12GB+256GB,鸿***6,76,很不错的一部手机不管是外观性能尺寸手感都挺喜欢的趁着双十一活动入手了价格很不错虽然没买到最低价但是这个价格比那些首发入手的省了几百块用了一个月出头了各方面都挺满意的,不错 一部 手机 不管 外观 性能 尺寸 手感 喜欢 趁着 双十 活动 入手 价格 不错 虽然 没买 最低价 但是 这个 价格比 那些 首发 入手 几百块 一个月 出头 方面 满意,商品2.csv
买了第五天摄像头起两个泡,3,已购 云杉绿 12GB+512GB,j***j,77,买了第五天摄像头起两个泡,第五天 摄像头 两个,商品2.csv
用了几天下来体验感拉满，运存可以提升到32g，屏幕刷新率也是144hz，太酷啦，拍照夜景效果也是十分不错的了，外放音质真的是最赞的，感觉很立体，很清澈，很nice!,5,已购 砂岩灰 12GB+256GB,豆宝慢慢长,78,用了几天下来体验感拉满运存可以提升到屏幕刷新率也是太酷啦拍照夜景效果也是十分不错的了外放音质真的是最赞的感觉很立体很清澈很,几天 下来 体验 感拉满 运存 可以 提升 屏幕 刷新率 太酷 拍照 夜景 效果 十分 不错 外放 音质 真的 最赞 感觉 立体 清澈,商品2.csv
手机非常好，外形非常的好看，摄像头也非常的好看，屏幕也非常的亮，音效也非常的不错，拍照的效果还是挺好的，运行起来也非常的流畅，一点也不卡,5,已购 月岩白 12GB+256GB,说***听,79,手机非常好外形非常的好看摄像头也非常的好看屏幕也非常的亮音效也非常的不错拍照的效果还是挺好的运行起来也非常的流畅一点也不卡,手机 非常 外形 非常 好看 摄像头 非常 好看 屏幕 非常 音效 非常 不错 拍照 效果 还是 运行 起来 非常 流畅 一点 不卡,商品2.csv
这屏幕真的太适合熬夜党了！2K分辨率看着超细腻，120Hz高刷屏滑动丝滑，关键是护眼模式效果贼好，晚上躺床上刷小说，眼睛一点都不酸胀，打工人表示爱了！,5,已购 月岩白 16GB+256GB,jd_156306weg,80,这屏幕真的太适合熬夜党了分辨率看着超细腻高刷屏滑动丝滑关键是护眼模式效果贼好晚上躺床上刷小说眼睛一点都不酸胀打工人表示爱了,屏幕 真的 适合 熬夜 分辨率 看着 细腻 刷屏 滑动 丝滑 关键 护眼 模式 效果 晚上 床上 小说 眼睛 一点 不酸胀 工人 表示,商品2.csv
原来的旧手机电池不行了，乘着年底买一个给新。的妈妈买的手机，性价比很高，大屏，大电池，充电也快，老人家臭，这性能绰绰有余了。,5,已购 月岩白 16GB+256GB,半空鱼,81,原来的旧手机电池不行了乘着年底买一个给新的妈妈买的手机性价比很高大屏大电池充电也快老人家臭这性能绰绰有余了,原来 手机电池 不行 乘着 年底 一个 妈妈 手机 性价比 高大 屏大 电池 充电 老人家 性能 绰绰有余,商品2.csv
整体体验还不错，电池续航和内存表现符合预期，日常使用很流畅。美中不足的是拍照效果一般，光线暗的地方画质有点差。作为千元机，满足基本需求没问题，要是拍照能再提升就更好了,5,已购 月岩白 12GB+256GB,j***6,82,整体体验还不错电池续航和内存表现符合预期日常使用很流畅美中不足的是拍照效果一般光线暗的地方画质有点差作为千元机满足基本需求没问题要是拍照能再提升就更好了,整体 体验 不错 电池 续航 内存 表现 符合 预期 日常 使用 流畅 美中不足 拍照 效果 一般 光线 地方 画质 有点 作为 千元 满足 基本 需求 问题 要是 拍照 提升 更好,商品2.csv
冲着大电池买的，屏幕抽奖不知道是哪家的，续航还行，对得起电池容量，第一次用天玑处理器，感受不到和高通的差距。,5,已购 月岩白 16GB+512GB,real7262,83,冲着大电池买的屏幕抽奖不知道是哪家的续航还行对得起电池容量第一次用天玑处理器感受不到和高通的差距,冲着 电池 屏幕 抽奖 知道 哪家 续航 对得起 电池容量 第一次 天玑 处理器 感受 不到 高通 差距,商品2.csv
外围配置很高，马达和声音太赞了，拍照也很清晰，超声波指纹解锁很快。系统体验蛮好的我个人现在用下来，没有遇到卡顿或错误。后盖设计我非常喜欢，个人觉得很精致好看,5,已购 月岩白 12GB+256GB,任意路,84,外围配置很高马达和声音太赞了拍照也很清晰超声波指纹解锁很快系统体验蛮好的我个人现在用下来没有遇到卡顿或错误后盖设计我非常喜欢个人觉得很精致好看,外围 配置 马达 声音 太赞 拍照 清晰 超声波 指纹 解锁 很快 系统 体验 个人 现在 下来 没有 遇到 卡顿 错误 后盖 设计 非常 喜欢 个人 觉得 精致 好看,商品2.csv
"外形外观：设计大气典雅别致时尚
屏幕音效：声音很大，很适合老人使用
拍照效果：拍照日常绝对够用了
运行速度：日常使用绰绰有余，性能优良",5,已购 冰锋蓝 16GB+256GB,jd_156092bixb,85,"外形外观设计大气典雅别致时尚
屏幕音效声音很大很适合老人使用
拍照效果拍照日常绝对够用了
运行速度日常使用绰绰有余性能优良",外形 外观设计 大气 典雅 别致 时尚 屏幕 音效 声音 很大 适合 老人 使用 拍照 效果 拍照 日常 绝对 够用 运行 速度 日常 使用 绰绰有余 性能 优良,商品2.csv
小米手机是正品，用着很流畅，手感很好，拍照很清晰小米手机真是不错，正品保证，系统流畅不卡顿，手感舒适，拍照效果清晰，日常使用完全够用，推荐购买！,5,已购 月岩白 16GB+1T,5***r,86,小米手机是正品用着很流畅手感很好拍照很清晰小米手机真是不错正品保证系统流畅不卡顿手感舒适拍照效果清晰日常使用完全够用推荐购买,小米 手机 正品 流畅 手感 拍照 清晰 小米 手机 真是 不错 正品 保证系统 流畅 不卡顿 手感 舒适 拍照 效果 清晰 日常 使用 完全 够用 推荐 购买,商品2.csv
红米 K80 至尊版 天玑9400+ 7410mAh大电池 冰锋蓝 12GB+512GB 5G手机，京东商城活动时购买。操作系统流畅，配置硬件设施高，充电速度快，手感不错，音效不错。,5,已购 冰锋蓝 12GB+512GB,神行太保zzh,87,红米  至尊版 天玑 大电池 冰锋蓝  手机京东商城活动时购买操作系统流畅配置硬件设施高充电速度快手感不错音效不错,红米 至尊版 天玑 电池 冰锋 手机 京东 商城 活动 购买 操作系统 流畅 配置 硬件 设施 充电 速度 手感 不错 音效 不错,商品2.csv
上手就能很明显感受到马达的高级，比我手中上代至尊震感明显大，R角的屏幕看着也很舒服，都说这个可能比较重，但像我这种上代至尊用惯了感觉差不多。,5,已购 砂岩灰 12GB+256GB,j***年,88,上手就能很明显感受到马达的高级比我手中上代至尊震感明显大角的屏幕看着也很舒服都说这个可能比较重但像我这种上代至尊用惯了感觉差不多,上手 明显 感受 马达 高级 手中 上代 至尊 震感 明显 大角 屏幕 看着 舒服 这个 可能 比较 这种 上代 至尊 用惯 感觉 差不多,商品2.csv
感觉还可以，使用原装充电器的话充电速度挺快，系统用上最新版的也还是挺流畅的。用了一段时间，各种软件运行也不错的。,5,已购 砂岩灰 12GB+256GB,数***7,89,感觉还可以使用原装充电器的话充电速度挺快系统用上最新版的也还是挺流畅的用了一段时间各种软件运行也不错的,感觉 可以 使用 原装 充电器 的话 充电 速度 挺快 系统 最新版 还是 流畅 一段时间 各种 软件 运行 不错,商品2.csv
屏幕比原来的青春版要宽一点儿，看视频更舒服，运行速度快，主要是容量大，内存够用，电池容量大，不用用充电了，朋友推荐的，性价比还是挺高的,5,已购 云杉绿 12GB+256GB,轩***米,90,屏幕比原来的青春版要宽一点儿看视频更舒服运行速度快主要是容量大内存够用电池容量大不用用充电了朋友推荐的性价比还是挺高的,屏幕 原来 青春 版要 一点儿 视频 舒服 运行 速度 主要 容量 内存 够用 电池容量 不用 充电 朋友 推荐 性价比 还是,商品2.csv
非常满意的手机，性价比特别高，音效比之前强多了，买来打游戏体验感非常的高，电池容量也特别大，推荐购买,5,已购 月岩白 12GB+256GB,非同一般的6,91,非常满意的手机性价比特别高音效比之前强多了买来打游戏体验感非常的高电池容量也特别大推荐购买,非常 满意 手机 性价比 特别 音效 之前 强多 买来 打游戏 体验 非常 电池容量 特别 推荐 购买,商品2.csv
外观和果子很像，很有质感，澎湃OS优化良好，速度快运行流畅&quot;拍照表现：5000万像素主摄，拍照效果很不错。,5,已购 冰锋蓝 16GB+512GB,春***1,92,外观和果子很像很有质感澎湃优化良好速度快运行流畅拍照表现万像素主摄拍照效果很不错,外观 果子 质感 澎湃 优化 良好 速度 运行 流畅 拍照 表现 像素 主摄 拍照 效果 不错,商品2.csv
"外形外观：外观时尚，颜色漂亮，受众群体高，买给老人使用的
运行速度：芯片比较好，运行速度快，用个三五年没问题，",5,已购 砂岩灰 12GB+256GB,初夏浅唱,93,"外形外观外观时尚颜色漂亮受众群体高买给老人使用的
运行速度芯片比较好运行速度快用个三五年没问题",外形 外观 外观 时尚 颜色 漂亮 受众 群体 高买 老人 使用 运行 速度 芯片 比较 运行 速度 快用 三五年 问题,商品2.csv
用了一段时间，挺不错的，就是手机宽，应该是为了打游戏好，用起来很流畅，挺不错的，电池续航也还行吧。不错不错。。。,5,已购 冰锋蓝 16GB+512GB,等等-看看,94,用了一段时间挺不错的就是手机宽应该是为了打游戏好用起来很流畅挺不错的电池续航也还行吧不错不错,一段时间 挺不错 就是 手机 应该 为了 打游戏 好用 起来 流畅 挺不错 电池 续航 还行 不错 不错,商品2.csv
一如既往的优秀，作为红米的的忠实用户，上个手机是k40陪伴了我四年，现在k80出来就换了至尊，手感拍照打游戏各方面都很好，太喜欢了,5,已购 月岩白 12GB+256GB,30133vpk7ejcej,95,一如既往的优秀作为红米的的忠实用户上个手机是陪伴了我四年现在出来就换了至尊手感拍照打游戏各方面都很好太喜欢了,一如既往 优秀 作为 红米 忠实 用户 手机 陪伴 四年 现在 出来 至尊 手感 拍照 打游戏 方面 喜欢,商品2.csv
入手这款手机有一段时间了，感觉彻底被它的表现征服！玩《原神》《星穹铁道》运行蛮好的，最惊艳的是大电池，中度使用一天一充完全可以，彻底告别电量焦虑。,5,已购 月岩白 12GB+256GB,数***7,97,入手这款手机有一段时间了感觉彻底被它的表现征服玩原神星穹铁道运行蛮好的最惊艳的是大电池中度使用一天一充完全可以彻底告别电量焦虑,入手 手机 一段时间 感觉 彻底 表现 征服 玩原 神星 铁道 运行 惊艳 电池 中度 使用 一天 一充 完全 可以 彻底 告别 电量 焦虑,商品2.csv
用起来挺不错，挺喜欢的,3,已购 月岩白 16GB+512GB,jd_fje8i5a5vyjhou,98,用起来挺不错挺喜欢的,起来 挺不错 喜欢,商品2.csv
到货很快，顺丰发货，包装完整没有破损，未激活未拆封，安全下车，系统运行流畅，操作灵敏响应快不卡顿，摄像头拍照清晰好看像素高。,5,已购 月岩白 12GB+256GB,j***1,99,到货很快顺丰发货包装完整没有破损未激活未拆封安全下车系统运行流畅操作灵敏响应快不卡顿摄像头拍照清晰好看像素高,到货 很快 顺丰 发货 包装 完整 没有 破损 未激活 拆封 安全 下车 系统 运行 流畅 操作 灵敏 响应 不卡顿 摄像头 拍照 清晰 好看 像素,商品2.csv
冲着k80至尊版的音质和价格入手的，1T版加上各种折扣到手2800多，性价比挺高的。音质的确很好，调整成dts 3d音效，堪比小音箱。震动反馈也很棒。希望能用的久点,5,已购 月岩白 16GB+1T,j***m,100,冲着至尊版的音质和价格入手的版加上各种折扣到手多性价比挺高的音质的确很好调整成 音效堪比小音箱震动反馈也很棒希望能用的久点,冲着 至尊版 音质 价格 入手 加上 各种 折扣 到手 性价比 音质 的确 调整 音效 堪比 音箱 震动 反馈 很棒 希望 能用 久点,商品2.csv
"红米k70pro换到k80至尊版很不错，升级电池和屏幕宽度。
使用后感觉续航比之前高了很多，屏幕看起来比之前大了很多，但是手握尺寸没有感觉变大",5,已购 冰锋蓝 16GB+1T,团子丶小脑瓜,101,"红米换到至尊版很不错升级电池和屏幕宽度
使用后感觉续航比之前高了很多屏幕看起来比之前大了很多但是手握尺寸没有感觉变大",红米 至尊版 不错 升级 电池 屏幕 宽度 使用 感觉 续航 之前 很多 屏幕 看起来 之前 很多 但是 手握 尺寸 没有 感觉,商品2.csv
说真的红米K80的续航我能吹爆！6550mAh大电池不是摆设，周末出门逛街拍照刷视频，一整天下来电量还有剩，再也不用揣着充电宝到处跑，对懒人来说简直是福音！,5,已购 月岩白 16GB+256GB,jd_156306weg,102,说真的红米的续航我能吹爆大电池不是摆设周末出门逛街拍照刷视频一整天下来电量还有剩再也不用揣着充电宝到处跑对懒人来说简直是福音,说真的 红米 续航 我能 爆大 电池 不是 摆设 周末 出门 逛街 拍照 视频 一整天 下来 电量 还有 再也 不用 揣着 充电 到处跑 懒人 来说 简直 福音,商品2.csv
物品收到，发货迅速，包装完好。小米K80 pro手机质量不错，运行流畅，电池容量大，屏显分辨率高，拍照视频像素完美，非常满意。,5,已购 砂岩灰 12GB+256GB,可爱的鼻子,103,物品收到发货迅速包装完好小米 手机质量不错运行流畅电池容量大屏显分辨率高拍照视频像素完美非常满意,物品 收到 发货 迅速 包装 完好 小米 手机 质量 不错 运行 流畅 电池容量 大屏 分辨率 拍照 视频 像素 完美 非常 满意,商品2.csv
红米K80至尊版太绝啦!天玑9400+芯片性能强劲，玩游戏不发烫。7410mAh大电池超耐用，屏幕清晰护眼，日常使用再合适不过~👍,5,已购 砂岩灰 12GB+256GB,梦里周游列国,104,红米至尊版太绝啦天玑芯片性能强劲玩游戏不发烫大电池超耐用屏幕清晰护眼日常使用再合适不过,红米 至尊版 太绝 天玑 芯片 性能 强劲 玩游戏 不发 电池 耐用 屏幕 清晰 护眼 日常 使用 合适 不过,商品2.csv
这可能是刀法最精准红米手机，价钱也是很完美我买了两台了帮助同事购买了一台，不卡，照相能对付，焦段少点，扫码啥的没问题,5,已购 云杉绿 12GB+256GB,扯歌CHIHAI,105,这可能是刀法最精准红米手机价钱也是很完美我买了两台了帮助同事购买了一台不卡照相能对付焦段少点扫码啥的没问题,可能 刀法 精准 红米 手机 价钱 完美 两台 帮助 同事 购买 一台 不卡 照相 对付 焦段 少点 扫码 问题,商品2.csv
红米K80性价比直接封神！旗舰级处理器+2K高清屏+超大电池，同价位根本找不到对手。拍照虽然不算顶尖，但日常记录生活完全够用，追求实用的闭眼入准没错！,5,已购 月岩白 16GB+256GB,jd_156306weg,106,红米性价比直接封神旗舰级处理器高清屏超大电池同价位根本找不到对手拍照虽然不算顶尖但日常记录生活完全够用追求实用的闭眼入准没错,红米 性价比 直接 封神 旗舰级 处理器 清屏 超大 电池 同价位 根本 不到 对手 拍照 虽然 不算 顶尖 日常 记录 生活 完全 够用 追求 实用 闭眼 入准 没错,商品2.csv
买手机，信任京东自营店。现用的手机是2022年在京东买的红米手机，已进入暮年了。京东国补加优惠，看上红米K80至尊披萨，优惠力度大，果敢下手。新手机颜值高，运行丝滑顺畅。,5,已购 冰锋蓝 16GB+512GB,k***k,108,买手机信任京东自营店现用的手机是年在京东买的红米手机已进入暮年了京东国补加优惠看上红米至尊披萨优惠力度大果敢下手新手机颜值高运行丝滑顺畅,买手机 信任 京东 自营 店现 手机 京东 红米 手机 进入 暮年 京东 补加 优惠 看上 红米 至尊 披萨 优惠 力度 果敢 下手 新手机 颜值 运行 丝滑 顺畅,商品2.csv
这款手机非常好，已经不是购买一次，二次的小米手机！一直都是用小米，性价比特别高，使用体验非常好。电池特别的大，根本不需要担心续航问题！物流速度很快，能够提前通知与联系！,5,已购 冰锋蓝 12GB+256GB,7g8427mbl4n8or,109,这款手机非常好已经不是购买一次二次的小米手机一直都是用小米性价比特别高使用体验非常好电池特别的大根本不需要担心续航问题物流速度很快能够提前通知与联系,手机 非常 已经 不是 购买 一次 二次 小米 手机 一直 小米 性价比 特别 使用 体验 非常 电池 特别 根本 需要 担心 续航 问题 物流 速度 很快 能够 提前 通知 联系,商品2.csv
手机很漂亮，运行非常流畅，显示很清晰，电池容量大充电速度快，拍照也是很不错的，价钱很便宜，性价比很高。,5,已购 月岩白 12GB+256GB,去***8,110,手机很漂亮运行非常流畅显示很清晰电池容量大充电速度快拍照也是很不错的价钱很便宜性价比很高,手机 很漂亮 运行 非常 流畅 显示 清晰 电池容量 充电 速度 拍照 不错 价钱 便宜 性价比,商品2.csv
手机已用了一个多月了，种草了，买了内存最大的，反应够快。双十一买的，两千八左右。是朋友推荐我试用下小米，之前都想着买荣耀的。功能强大。,5,已购 云杉绿 16GB+1T,菠菜去爬山,111,手机已用了一个多月了种草了买了内存最大的反应够快双十一买的两千八左右是朋友推荐我试用下小米之前都想着买荣耀的功能强大,手机 已用 一个多月 种草 内存 最大 反应 够快 双十 一买 两千八 左右 朋友 推荐 试用 小米 之前 想着 荣耀 功能强大,商品2.csv
非常不错的产品，已经是小米的忠实用户了，屏幕色彩鲜艳，待机时间也非常不错，软件启动很快，整体外观颜值和手感非常不错，值得推荐！,5,已购 月岩白 12GB+256GB,u_hvugxnih5m87,112,非常不错的产品已经是小米的忠实用户了屏幕色彩鲜艳待机时间也非常不错软件启动很快整体外观颜值和手感非常不错值得推荐,非常 不错 产品 已经 小米 忠实 用户 屏幕 色彩鲜艳 待机时间 非常 不错 软件 启动 很快 整体 外观 颜值 手感 非常 不错 值得 推荐,商品2.csv
手机拿到了，价格定位还是蛮合理的，两千多块钱买到的手机感觉真的很好，功能齐全，反应很快，客服也很贴心的解答问题，下次还会选择红米手机。,5,已购 砂岩灰 12GB+256GB,j***年,113,手机拿到了价格定位还是蛮合理的两千多块钱买到的手机感觉真的很好功能齐全反应很快客服也很贴心的解答问题下次还会选择红米手机,手机 拿到 价格 定位 还是 合理 两千多块 手机 感觉 真的 功能齐全 反应 很快 客服 贴心 解答 问题 下次 还会 选择 红米 手机,商品2.csv
小米还是老样子，质感不错，性能也稳稳的。大屏幕再加上大电池，使用起来不错，拍照方面要求不高，完全够用了。总体来说没问题，挺好。,5,已购 月岩白 12GB+256GB,G***愿,114,小米还是老样子质感不错性能也稳稳的大屏幕再加上大电池使用起来不错拍照方面要求不高完全够用了总体来说没问题挺好,小米 还是 样子 质感 不错 性能 稳稳 大屏幕 加上 电池 使用 起来 不错 拍照 方面 要求 不高 完全 够用 总体 来说 问题,商品2.csv
3C认证，原装正品，发货迅速。大小合适，外放声音很大，系统运行流畅，具有多种辅助功能，方便老年人使用，拍照效果不错～,5,已购 砂岩灰 16GB+512GB,jd_gxft00,115,认证原装正品发货迅速大小合适外放声音很大系统运行流畅具有多种辅助功能方便老年人使用拍照效果不错,认证 原装 正品 发货 迅速 大小 合适 外放 声音 很大 系统 运行 流畅 具有 多种 辅助 功能 方便 老年人 使用 拍照 效果 不错,商品2.csv
红米K80的细节太贴心了！超声波指纹解锁反应超快，手汗多的时候也能秒开。还有IP68防水，夏天玩水不小心溅到也不怕，NFC刷门禁公交超方便，日常用着贼顺手！,5,已购 月岩白 16GB+256GB,jd_156306weg,116,红米的细节太贴心了超声波指纹解锁反应超快手汗多的时候也能秒开还有防水夏天玩水不小心溅到也不怕刷门禁公交超方便日常用着贼顺手,红米 细节 贴心 超声波 指纹 解锁 反应 超快 手汗 时候 还有 防水 夏天 玩水 小心 不怕 门禁 公交 方便 日常 顺手,商品2.csv
家里用的东西几乎全部是小米系列的，经过多方面的斟酌，红米k80的性价比是最高的，运行非常快，手机也非常的流畅,5,已购 云杉绿 16GB+512GB,160chemwlh14a9,117,家里用的东西几乎全部是小米系列的经过多方面的斟酌红米的性价比是最高的运行非常快手机也非常的流畅,家里 东西 几乎 全部 小米 系列 经过 多方面 斟酌 红米 性价比 最高 运行 非常 手机 非常 流畅,商品2.csv
总体来说这款手机还不错，就是有点大有点重，天玑的旗舰芯片，用起来还算流畅的，配置也不低，日常用足够利！,5,已购 月岩白 12GB+256GB,a***1,118,总体来说这款手机还不错就是有点大有点重天玑的旗舰芯片用起来还算流畅的配置也不低日常用足够利,总体 来说 手机 不错 就是 有点 有点 天玑 旗舰 芯片 起来 流畅 配置 日常 足够,商品2.csv
红米K80至尊版真的是2000档闭眼入的真香机!天玑9400+旗舰芯搭配独显芯片，《原神》高帧稳跑不发烫，6500mm散热超给力。买就对了,5,已购 砂岩灰 12GB+256GB,D***9,119,红米至尊版真的是档闭眼入的真香机天玑旗舰芯搭配独显芯片原神高帧稳跑不发烫散热超给力买就对了,红米 至尊版 真的 闭眼 真香机 天玑 旗舰 搭配 独显 芯片 原神 稳跑 不发 散热 超给力,商品2.csv
K80 至尊，顶级的 1115 同轴对称扬声器，价格实，性价比高，我从7 年苹果用户从 4s 陆陆续续换到 15pro，换下来的第一感受就是续航很顶，信号好很多，我现在都是 2 天一充，大环境消费降级之外，国产手机也有自己的闪光点,5,已购 冰锋蓝 16GB+256GB,九拾参,120,至尊顶级的  同轴对称扬声器价格实性价比高我从 年苹果用户从  陆陆续续换到 换下来的第一感受就是续航很顶信号好很多我现在都是  天一充大环境消费降级之外国产手机也有自己的闪光点,至尊 顶级 轴对称 扬声器 价格 性价比 苹果 用户 陆陆续续 换下来 第一 感受 就是 续航 很顶 信号 很多 现在 天一 充大 环境 消费 降级 之外 国产手机 自己 闪光点,商品2.csv
这款手机的性价比很高，功能齐全，运行流畅。卖家详细介绍了手机的各种功能和操作方法，让我很容易上手。发货速度很快，而且包裹里还放了好多赠品，非常满意。,5,已购 云杉绿 16GB+1T,u***a,121,这款手机的性价比很高功能齐全运行流畅卖家详细介绍了手机的各种功能和操作方法让我很容易上手发货速度很快而且包裹里还放了好多赠品非常满意,手机 性价比 功能齐全 运行 流畅 卖家 详细 介绍 手机 各种 功能 操作方法 容易 发货 速度 很快 而且 包裹 好多 赠品 非常 满意,商品2.csv
一直都是用小米手机，性能不错，大型游戏能挺好的运行流畅，外观好看，去年发布的手机款，现在入手性价比不错。,5,已购 冰锋蓝 16GB+512GB,小***菌,122,一直都是用小米手机性能不错大型游戏能挺好的运行流畅外观好看去年发布的手机款现在入手性价比不错,一直 小米 手机 性能 不错 大型 游戏 运行 流畅 外观 好看 去年 发布 手机 现在 入手 性价比 不错,商品2.csv
"以旧换新：旧的换新的性价比很高
外形外观：外观设计风格新颖别致大气
屏幕音效：音效超绝
运行速度：运行速度很快
待机时间：待机时间很长电容量大",5,已购 月岩白 12GB+256GB,挽***g,123,"以旧换新旧的换新的性价比很高
外形外观外观设计风格新颖别致大气
屏幕音效音效超绝
运行速度运行速度很快
待机时间待机时间很长电容量大",以旧换新 性价比 外形 外观 外观设计 风格 新颖别致 大气 屏幕 音效 音效 超绝 运行 速度 运行 速度 很快 待机时间 待机时间 很长 电容量,商品2.csv
"买小米K80给孩子用，自己一直用小米手机，质量什么都不错
外形外观：美观
屏幕音效：优美
拍照效果：好
运行速度：很流畅
待机时间：很长",5,已购 砂岩灰 16GB+256GB,6ln0y3h70xdq46,124,"买小米给孩子用自己一直用小米手机质量什么都不错
外形外观美观
屏幕音效优美
拍照效果好
运行速度很流畅
待机时间很长",小米 孩子 自己 一直 小米 手机 质量 什么 不错 外形 外观 美观 屏幕 音效 优美 拍照 效果 运行 速度 流畅 待机时间 很长,商品2.csv
手机性价比超级高，大小拿着也合适，速度很快，内存够大，也有补贴拿到。价格非常有优势。系统也很快。。。。。。,5,已购 月岩白 16GB+512GB,jd_OARhogYqRYYE,125,手机性价比超级高大小拿着也合适速度很快内存够大也有补贴拿到价格非常有优势系统也很快,手机 性价比 超级 大小 合适 速度 很快 内存 补贴 拿到 价格 非常 优势 系统 很快,商品2.csv
手机非常不错，很喜欢，一直都在用，说实话，特意用一段时间才来评价的，续航时间比小米10要久很多，用一天就是都在刷视频看手机，到晚上手机还有百分之六七十的电量屏幕也很大，对于喜欢看视频的机友，确实很友好，红米比原来的小米十要要好用些，这是特意选择了1t的大容量。,5,已购 云杉绿 16GB+1T,j***r,126,手机非常不错很喜欢一直都在用说实话特意用一段时间才来评价的续航时间比小米要久很多用一天就是都在刷视频看手机到晚上手机还有百分之六七十的电量屏幕也很大对于喜欢看视频的机友确实很友好红米比原来的小米十要要好用些这是特意选择了的大容量,手机 非常 不错 喜欢 一直 说实话 特意 一段时间 评价 续航 时间 小米 要久 很多 一天 就是 视频 手机 晚上 手机 还有 百分之六七 电量 屏幕 很大 对于 喜欢 视频 机友 确实 友好 红米 原来 小米 十要 用些 特意 选择 大容量,商品2.csv
红米K80这性能真的顶！骁龙8 Gen3处理器加持，玩《原神》全高画质都不卡，帧率稳得一批。双环冰封散热也给力，长时间游戏机身就温热，不会烫手，学生党和游戏党闭眼冲，同价位没对手！,5,已购 月岩白 16GB+256GB,jd_156306weg,127,红米这性能真的顶骁龙 处理器加持玩原神全高画质都不卡帧率稳得一批双环冰封散热也给力长时间游戏机身就温热不会烫手学生党和游戏党闭眼冲同价位没对手,红米 性能 真的 顶骁龙 处理器 加持 玩原 神全 高画质 不卡 稳得 一批 双环 冰封 散热 长时间 游戏机 温热 不会 烫手 学生 游戏 闭眼 同价位 对手,商品2.csv
用了一段时间，感受最深的就是电池很强大，一天够用！够用！够用！至于性能，随便使用，不会又卡壳的情况！！,5,已购 砂岩灰 16GB+512GB,小***o,128,用了一段时间感受最深的就是电池很强大一天够用够用够用至于性能随便使用不会又卡壳的情况,一段时间 感受 最深 就是 电池 强大 一天 够用 够用 够用 至于 性能 随便 使用 不会 卡壳 情况,商品2.csv
挺好的买给老妈用的，妈妈觉得要是屏幕小点就更好了!女士来说这款有点大了，其他方面都挺好的!日常使用一点毛病没有,5,已购 云杉绿 12GB+256GB,伟1310,129,挺好的买给老妈用的妈妈觉得要是屏幕小点就更好了女士来说这款有点大了其他方面都挺好的日常使用一点毛病没有,老妈 妈妈 觉得 要是 屏幕 小点 更好 女士 来说 有点 其他 方面 日常 使用 一点 毛病 没有,商品2.csv
"拍照效果：拍照方面还行，看不出大区别，要求不是很高。
运行速度：速度我用着也不错，不怎么玩大游戏，其它都很流畅。",5,已购 月岩白 12GB+256GB,G***愿,130,"拍照效果拍照方面还行看不出大区别要求不是很高
运行速度速度我用着也不错不怎么玩大游戏其它都很流畅",拍照 效果 拍照 方面 看不出 区别 要求 不是 运行 速度 速度 我用 不错 不怎么 玩大 游戏 其它 流畅,商品2.csv
手机颜值在线，手感舒适✨；拍照清晰，夜景表现不错📸；系统流畅，日常使用无压力⚡。整体体验很棒，值得入手！！,5,已购 月岩白 12GB+256GB,下一顿晚餐,131,手机颜值在线手感舒适拍照清晰夜景表现不错系统流畅日常使用无压力整体体验很棒值得入手,手机 颜值 在线 手感 舒适 拍照 清晰 夜景 表现 不错 系统 流畅 日常 使用 压力 整体 体验 很棒 值得 入手,商品2.csv
红米不愧是性价比的王，相当丝滑，冲着高配置玩点米家游戏，入手这个，目前来说还是很满足期望的，新机再慢慢调教一下,5,已购 砂岩灰 12GB+256GB,vip186*****443,132,红米不愧是性价比的王相当丝滑冲着高配置玩点米家游戏入手这个目前来说还是很满足期望的新机再慢慢调教一下,红米 不愧 性价比 相当 丝滑 冲着 配置 玩点 米家 游戏 入手 这个 目前 来说 还是 满足 期望 新机 慢慢 调教 一下,商品2.csv
这款红米K80至尊版，功能非常强大，比如湿手就可以操作，这样我洗澡的时候就不怕手上有水就操作不了屏幕了，并且颜值非常高！,5,已购 月岩白 12GB+256GB,jd_86k96t9py2w45y,133,这款红米至尊版功能非常强大比如湿手就可以操作这样我洗澡的时候就不怕手上有水就操作不了屏幕了并且颜值非常高,这款 红米 至尊版 功能 非常 强大 比如 湿手 可以 操作 这样 洗澡 时候 不怕 手上 有水 操作 不了 屏幕 并且 颜值 非常,商品2.csv
这款红米K80手机性价比很高，单位的同事这两年都是在京东自营上买手机，老人家用很合适，需要大容量就选1TB的，而且质量和售后有保障。,5,已购 冰锋蓝 16GB+1T,锋***端,134,这款红米手机性价比很高单位的同事这两年都是在京东自营上买手机老人家用很合适需要大容量就选的而且质量和售后有保障,这款 红米 手机 性价比 单位 同事 两年 京东 自营 买手机 老人家 合适 需要 大容量 而且 质量 售后 保障,商品2.csv
手机是全新未拆封机器，手机屏幕挺大的，扬声器表现良好，马达反馈有力，到手实际外观挺好，期待后续良好的体验！,5,已购 冰锋蓝 12GB+512GB,jd_1cc0h0sd43vhsk,135,手机是全新未拆封机器手机屏幕挺大的扬声器表现良好马达反馈有力到手实际外观挺好期待后续良好的体验,手机 全新 拆封 机器 手机 屏幕 挺大 扬声器 表现 良好 马达 反馈 有力 到手 实际 外观 期待 后续 良好 体验,商品2.csv
小米K80至尊版手机到手了，选中这款还是看中配置。这款的配置的是天玑9400，还有电池也还可以，达到了7410毫安，基本上一天无压力。,5,已购 月岩白 12GB+256GB,G***愿,137,小米至尊版手机到手了选中这款还是看中配置这款的配置的是天玑还有电池也还可以达到了毫安基本上一天无压力,小米 至尊版 手机 到手 选中 还是 看中 配置 这款 配置 天玑 还有 电池 可以 达到 毫安 基本上 一天 压力,商品2.csv
红米K80至尊版太香了！天玑9400+性能炸裂，7410mAh大电池续航超顶，144Hz屏丝滑，拍照清晰，性价比无敌👍,5,已购 砂岩灰 16GB+256GB,遇见Jay,138,红米至尊版太香了天玑性能炸裂大电池续航超顶屏丝滑拍照清晰性价比无敌,红米 至尊版 太香 天玑 性能 炸裂 电池 续航 超顶 屏丝滑 拍照 清晰 性价比 无敌,商品2.csv
关注了很长时间，多方面对比，最终还是选择这款手机，手机运行流畅，扬声器给力，拍照也很给力，整体质感不错，这个价位性价比首选，非常推荐！,5,已购 月岩白 12GB+256GB,宙***w,140,关注了很长时间多方面对比最终还是选择这款手机手机运行流畅扬声器给力拍照也很给力整体质感不错这个价位性价比首选非常推荐,关注 长时间 多方面 对比 最终 还是 选择 手机 手机 运行 流畅 扬声器 给力 拍照 整体 质感 不错 这个 价位 性价比 首选 非常 推荐,商品2.csv
红米k80至尊，非常满意，手机很好，续航非常顶，家人使用很满意。2000以内；红米的性价比非常不错，以后继续支持,5,已购 月岩白 12GB+256GB,jacktien9,141,红米至尊非常满意手机很好续航非常顶家人使用很满意以内红米的性价比非常不错以后继续支持,红米 至尊 非常 满意 手机 续航 非常 家人 使用 满意 以内 红米 性价比 非常 不错 以后 继续 支持,商品2.csv
手机不错，性价比超级高，重量也整好，手感不错，经常出入工地16promax就放抽屉里了，下次买手机还来京东！,5,已购 云杉绿 16GB+512GB,0ycboejksb9qkx,142,手机不错性价比超级高重量也整好手感不错经常出入工地就放抽屉里了下次买手机还来京东,手机 不错 性价比 超级 重量 整好 手感 不错 经常 出入 工地 抽屉 下次 买手机 还来 京东,商品2.csv
Redmi K80至尊版颜值在线，性能强劲，运行流畅不卡顿👍📱📦 快递包装严实，发货迅速，配送员态度超好😊🚚 实测体验满分，值得入手！✨✨,5,已购 砂岩灰 12GB+512GB,Richy_Li,144,至尊版颜值在线性能强劲运行流畅不卡顿 快递包装严实发货迅速配送员态度超好 实测体验满分值得入手,至尊版 颜值 在线 性能 强劲 运行 流畅 不卡顿 快递 包装 严实 发货 迅速 配送 态度 超好 实测 体验 满分 值得 入手,商品2.csv
"原来用的红米k30pro,换机很方便，东西文件较多，拷贝了一会，80还是很好看，价格实惠，质量真的不错。",5,已购 砂岩灰 12GB+256GB,u_92gea4qffrnz,145,原来用的红米换机很方便东西文件较多拷贝了一会还是很好看价格实惠质量真的不错,原来 红米 换机 方便 东西 文件 拷贝 一会 还是 好看 价格 实惠 质量 真的 不错,商品2.csv
红米手机作为小米手机的次品牌，质量也是非常不错的，性价比非常高，拍照也很清晰，大电池续航也非常给力，好评,5,已购 砂岩灰 12GB+256GB,五月的风2010,146,红米手机作为小米手机的次品牌质量也是非常不错的性价比非常高拍照也很清晰大电池续航也非常给力好评,红米 手机 作为 小米 手机 品牌 质量 非常 不错 性价比 非常 拍照 清晰 电池 续航 非常 给力 好评,商品2.csv
作为REDMI的旗舰款，K80至尊版真的做到了面面俱到。双芯带来的性能提升肉眼可见，屏幕显示效果清晰通透，续航和快充也能满足日常全天使用，屏幕大，买给父母的，很适合,5,已购 砂岩灰 16GB+256GB,f***4,147,作为的旗舰款至尊版真的做到了面面俱到双芯带来的性能提升肉眼可见屏幕显示效果清晰通透续航和快充也能满足日常全天使用屏幕大买给父母的很适合,作为 旗舰 至尊版 真的 做到 面面俱到 双芯 带来 性能 提升 肉眼 可见 屏幕显示 效果 清晰 通透 续航 快充 满足 日常 全天 使用 屏幕 大买 父母 适合,商品2.csv
京东快递，送货上门，很好很方便，还可以指定送货上门的时间。手机外观不错，各方面功能也比较齐全，目前用着没有什么问题。国补上门需要验证一下，好在不算太麻烦,5,已购 冰锋蓝 12GB+256GB,总***喂,148,京东快递送货上门很好很方便还可以指定送货上门的时间手机外观不错各方面功能也比较齐全目前用着没有什么问题国补上门需要验证一下好在不算太麻烦,京东 快递 送货上门 方便 可以 指定 送货上门 时间 手机 外观 不错 方面 功能 比较 齐全 目前 没有 什么 问题 国补 上门 需要 验证 一下 不算 麻烦,商品2.csv
这个白色确实很好看拿在手中感觉还蛮有质感的也没有像网上说的那种大得不适应反正对于我来说非常滴好用处理器也非常给力打游戏流畅得很还有最重要的音质这次这个手机的音质确实无敌,5,已购 月岩白 12GB+256GB,30133vpk7ejcej,149,这个白色确实很好看拿在手中感觉还蛮有质感的也没有像网上说的那种大得不适应反正对于我来说非常滴好用处理器也非常给力打游戏流畅得很还有最重要的音质这次这个手机的音质确实无敌,这个 白色 确实 好看 手中 感觉 质感 没有 网上 那种 大得 适应 反正 对于 来说 非常 处理器 非常 给力 打游戏 流畅 还有 重要 音质 这次 这个 手机 音质 确实 无敌,商品2.csv
这款k80至尊，双十一买的价格很便宜，前面手机用的是K50至尊，用了三年，性能不错，所以这次依然选择红米k80至尊，性价比高，手机使用顺畅,5,已购 砂岩灰 12GB+512GB,早***8,150,这款至尊双十一买的价格很便宜前面手机用的是至尊用了三年性能不错所以这次依然选择红米至尊性价比高手机使用顺畅,至尊 双十 一买 价格 便宜 前面 手机 至尊 三年 性能 不错 所以 这次 依然 选择 红米 至尊 性价比 手机 使用 顺畅,商品2.csv
手机发货很快，昨晚下单，今天早上就到了。包装很好，手机没有被碰到磕到。手机是全新的，查过了是正品，至尊版确实不错，推荐购买,5,已购 冰锋蓝 12GB+256GB,_无为_,151,手机发货很快昨晚下单今天早上就到了包装很好手机没有被碰到磕到手机是全新的查过了是正品至尊版确实不错推荐购买,手机 发货 很快 昨晚 下单 今天 早上 包装 手机 没有 碰到 磕到 手机 全新 查过 正品 至尊版 确实 不错 推荐 购买,商品2.csv
京东快递有保障，本地仓无货异地发货，包装完好无损，手机屏幕大配置高，系统操作流畅，手机挺重有份量，电池满电使用一天没问题，性价比很高。,5,已购 云杉绿 16GB+256GB,j***f,152,京东快递有保障本地仓无货异地发货包装完好无损手机屏幕大配置高系统操作流畅手机挺重有份量电池满电使用一天没问题性价比很高,京东 快递 保障 本地 无货 异地 发货 包装 完好无损 手机 屏幕 配置 系统 操作 流畅 手机 挺重 份量 电池 满电 使用 一天 问题 性价比,商品2.csv
这款手机真的是我的心头好，不仅外观时尚大气，而且功能强大。[ok]拍照清晰、通话流畅，让我随时随地都能保持联系。电池续航也很给力，出门在外再也不用担心没电了！总之，这是一款非常值得入手的手机，强烈推荐给大家哦~,5,已购 砂岩灰 12GB+512GB,水***月,153,这款手机真的是我的心头好不仅外观时尚大气而且功能强大拍照清晰通话流畅让我随时随地都能保持联系电池续航也很给力出门在外再也不用担心没电了总之这是一款非常值得入手的手机强烈推荐给大家哦,手机 真的 心头 不仅 外观 时尚 大气 而且 功能强大 拍照 清晰 通话 流畅 随时随地 保持联系 电池 续航 出门在外 再也 不用 担心 没电 总之 这是 一款 非常 值得 入手 手机 强烈推荐 大家,商品2.csv
"送给爸爸的使用最的很不错 使用灵敏反应快捷性价比是小米最有性价比之一
屏幕音效：拿着很舒服，使用非常不错非常好不错
推荐大家购买嗯",5,已购 砂岩灰 12GB+512GB,x***1,155,"送给爸爸的使用最的很不错 使用灵敏反应快捷性价比是小米最有性价比之一
屏幕音效拿着很舒服使用非常不错非常好不错
推荐大家购买嗯",送给 爸爸 使用 不错 使用 灵敏 反应 快捷 性价比 小米 最有 性价比 之一 屏幕 音效 舒服 使用 非常 不错 非常 不错 推荐 大家 购买,商品2.csv
"1. 颜值手感双在线，性能续航全拉满，千元/旗舰价位闭眼入！
2. 用着超丝滑，拍照清晰续航稳，日常使用零槽点，太值了！
3. 性价比天花板，大屏护眼还轻薄，全家都能用的宝藏手机！",5,已购 月岩白 12GB+256GB,藏杰布,156,"颜值手感双在线性能续航全拉满千元旗舰价位闭眼入
 用着超丝滑拍照清晰续航稳日常使用零槽点太值了
 性价比天花板大屏护眼还轻薄全家都能用的宝藏手机",颜值 手感 在线 性能 续航 全拉满 千元 旗舰 价位 闭眼 超丝滑 拍照 清晰 续航 日常 使用 零槽 点太值 性价比 天花板 大屏 护眼 轻薄 全家 宝藏 手机,商品2.csv
一直都是使用的小米手机，内存不够了只有换一个。这款型号性价比相对来说比较高，目前使用还不错，满意哈。,5,已购 月岩白 16GB+1T,0***g,158,一直都是使用的小米手机内存不够了只有换一个这款型号性价比相对来说比较高目前使用还不错满意哈,一直 使用 小米 手机 内存 不够 只有 一个 型号 性价比 相对来说 比较 目前 使用 不错 满意,商品2.csv
考虑了蛮久才买的，看了好几款最后选了这个，用了几天才评。系统流畅，用着感觉不错。。。。。。。。。。。。。。。。。。。。,5,已购 砂岩灰 12GB+512GB,n13z7f5u8v21yi,159,考虑了蛮久才买的看了好几款最后选了这个用了几天才评系统流畅用着感觉不错,考虑 几款 最后 这个 几天 系统 流畅 感觉 不错,商品2.csv
截止目前使用感非常好，手机非常不错性价比高，我很喜欢，下次还会光临价格非常的美丽，东西还是不错的，会继续回购！全五分！奈斯奈斯～,5,已购 砂岩灰 12GB+256GB,坐标系xy,160,截止目前使用感非常好手机非常不错性价比高我很喜欢下次还会光临价格非常的美丽东西还是不错的会继续回购全五分奈斯奈斯,截止 目前 使用 非常 手机 非常 不错 性价比 喜欢 下次 还会 光临 价格 非常 美丽 东西 还是 不错 继续 回购 五分 奈斯 奈斯,商品2.csv
一直都是小米用户，前面的k50被车压了果断更新最新的k80，国补后的价格还是很划算的，电池容量和闪充还是一如既往的大和快，音响是上下双扬声器，音质挺好的，打王者也非常流畅，没有卡顿的现象,5,已购 月岩白 12GB+256GB,30133vpk7ejcej,161,一直都是小米用户前面的被车压了果断更新最新的国补后的价格还是很划算的电池容量和闪充还是一如既往的大和快音响是上下双扬声器音质挺好的打王者也非常流畅没有卡顿的现象,一直 小米 用户 前面 车压 果断 更新 最新 国补后 价格 还是 划算 电池容量 闪充 还是 一如既往 音响 上下 扬声器 音质 王者 非常 流畅 没有 卡顿 现象,商品2.csv
"手机屏幕很大，很清晰，家里长辈喜欢！
京东购买超级方便，还送货上门，物流速度很快，今天下单，第二天到了，活动力度很大，很划算，京东客服服务好。这个品牌不错，推荐！",5,已购 砂岩灰 12GB+256GB,c***y,163,"手机屏幕很大很清晰家里长辈喜欢
京东购买超级方便还送货上门物流速度很快今天下单第二天到了活动力度很大很划算京东客服服务好这个品牌不错推荐",手机 屏幕 很大 清晰 家里 长辈 喜欢 京东 购买 超级 方便 送货上门 物流 速度 很快 今天 下单 第二天 活动 力度 很大 划算 京东 客服 服务 这个 品牌 不错 推荐,商品2.csv
"性价比超高，好用。
3000这个价位能买到1t版本很少。性价比高的更少了。
电池，屏幕，手感这些都是很顶的。这是我推荐朋友买的地基，很多个手机了，我都推荐了K80至尊。我很喜欢",5,已购 砂岩灰 16GB+1T,电***9,164,"性价比超高好用
这个价位能买到版本很少性价比高的更少了
电池屏幕手感这些都是很顶的这是我推荐朋友买的地基很多个手机了我都推荐了至尊我很喜欢",性价比 超高 好用 这个 价位 版本 很少 性价比 电池 屏幕 手感 这些 推荐 朋友 地基 很多 手机 推荐 至尊 喜欢,商品2.csv
这款红米K80至尊版性价比超高，天玑9400处理器，12+512完全够用，再加上68防水等级，挺超值的。推荐入手。,5,已购 云杉绿 12GB+512GB,en637n11tpu9if,165,这款红米至尊版性价比超高天玑处理器完全够用再加上防水等级挺超值的推荐入手,这款 红米 至尊版 性价比 超高 天玑 处理器 完全 够用 加上 防水 等级 超值 推荐 入手,商品2.csv
小米手机收到了，这次买的这款是K80的至尊版，性能还是不错的。搭载的是天玑9400，性能强劲，做啥都不错，值得拥有的手机。,5,已购 月岩白 12GB+256GB,G***愿,166,小米手机收到了这次买的这款是的至尊版性能还是不错的搭载的是天玑性能强劲做啥都不错值得拥有的手机,小米 手机 收到 这次 这款 至尊版 性能 还是 不错 搭载 天玑 性能 强劲 不错 值得 拥有 手机,商品2.csv
k80手机的外观和手感都很棒，屏幕确实够大，看视频和玩游戏体验很流畅，系统反应一点都不卡顿!价格也很亲民!总体体验很满意!支持国产，代表了国产机最高水准，值得信赖。等了几个月等到了活动价，很划算，性价比爆表。外观大气时尚，用起来流畅顺手～手机十分漂亮，质量很好，运行十分快，五星好评!很好很喜欢!,5,已购 冰锋蓝 12GB+256GB,jd_1r9ie205mwdlgn,167,手机的外观和手感都很棒屏幕确实够大看视频和玩游戏体验很流畅系统反应一点都不卡顿价格也很亲民总体体验很满意支持国产代表了国产机最高水准值得信赖等了几个月等到了活动价很划算性价比爆表外观大气时尚用起来流畅顺手手机十分漂亮质量很好运行十分快五星好评很好很喜欢,手机 外观 手感 很棒 屏幕 确实 视频 玩游戏 体验 流畅 系统 反应 一点 不卡顿 价格 亲民 总体 体验 满意 支持 国产 代表 国产机 最高 水准 值得 信赖 几个 等到 活动 划算 性价比 爆表 外观 大气 时尚 起来 流畅 顺手 手机 十分 漂亮 质量 运行 十分 五星 好评 喜欢,商品2.csv
手机非常好用，外形外观很大气，屏幕音效也很好！特别突出的就是拍照效果，很清晰！是一款性价比很高的产品！,5,已购 云杉绿 12GB+256GB,u_jliht391lri7,168,手机非常好用外形外观很大气屏幕音效也很好特别突出的就是拍照效果很清晰是一款性价比很高的产品,手机 非常 好用 外形 外观 很大 屏幕 音效 特别 突出 就是 拍照 效果 清晰 一款 性价比 产品,商品2.csv
"作为2025年粮厂颜值最高的机型，同时又是性价比比较高的机型，总体来讲还是值得购买的！宣传的1115同轴对称式双扬声器，实际听感确实不错，耳朵像怀了孕；赛博超宽频马达也确实铿锵有力，震感舒适。天玑9400+功耗不错，7410毫安的大电池，确实是待机给力，出门一天没有用电压力，也没有电量告急。总算是没有用电焦虑了！机身发热不够明显，完全不能印证一为发烧而生了总体来讲这一代的天玑调的还是比较。
一天一个价，买完就降价，近两年来在京东买大件，件件被背刺！两天之内亏two百",5,已购 砂岩灰 16GB+1T,悠***8,170,"作为年粮厂颜值最高的机型同时又是性价比比较高的机型总体来讲还是值得购买的宣传的同轴对称式双扬声器实际听感确实不错耳朵像怀了孕赛博超宽频马达也确实铿锵有力震感舒适天玑功耗不错毫安的大电池确实是待机给力出门一天没有用电压力也没有电量告急总算是没有用电焦虑了机身发热不够明显完全不能印证一为发烧而生了总体来讲这一代的天玑调的还是比较
一天一个价买完就降价近两年来在京东买大件件件被背刺两天之内亏百",作为 粮厂 颜值 最高 机型 同时 性价比 比较 机型 总体 来讲 还是 值得 购买 宣传 轴对称 扬声器 实际 听感 确实 不错 耳朵 怀了孕 赛博超 宽频 马达 确实 铿锵有力 震感 舒适 天玑 功耗 不错 毫安 电池 确实 待机 给力 出门 一天 没有 用电 压力 没有 电量 告急 总算 没有 用电 焦虑 机身 发热 不够 明显 完全 不能 印证 一为 发烧 而生 总体 来讲 一代 天玑 还是 比较 一天 一个 价买 降价 近两年来 京东 大件 两天 之内 亏百,商品2.csv
k80手机包装很好无破损，物流也快，手机外观漂亮，款式好看，质量很好，正品，做工精致，屏幕细腻够大很清晰，色彩饱和度很不错，照相不错，很漂亮，音质也很棒，系统功能强大，运行速度很快，看电影听音乐都很给力，非常享受，操作简单，内存也足够，性价比蛮高的，而且价格还实惠便宜，很划算，支持，超喜欢。,5,已购 月岩白 12GB+256GB,jd_770304399,171,手机包装很好无破损物流也快手机外观漂亮款式好看质量很好正品做工精致屏幕细腻够大很清晰色彩饱和度很不错照相不错很漂亮音质也很棒系统功能强大运行速度很快看电影听音乐都很给力非常享受操作简单内存也足够性价比蛮高的而且价格还实惠便宜很划算支持超喜欢,手机 包装 破损 物流 手机 外观 漂亮 款式 好看 质量 正品 做工 精致 屏幕 细腻 清晰 色彩 饱和度 不错 照相 不错 很漂亮 音质 很棒 系统 功能强大 运行 速度 很快 电影 音乐 非常 享受 操作 简单 内存 足够 性价比 蛮高 而且 价格 实惠 便宜 划算 支持 喜欢,商品2.csv
内外包装都完好无损，物流非常给力，待机时间也可以，外观漂亮，非常不错了，活动价拍到的，很满意，老人用也很合适，屏幕清晰度高,5,已购 冰锋蓝 12GB+256GB,云***3,172,内外包装都完好无损物流非常给力待机时间也可以外观漂亮非常不错了活动价拍到的很满意老人用也很合适屏幕清晰度高,外包装 完好无损 物流 非常 给力 待机时间 可以 外观 漂亮 非常 不错 活动 价拍 满意 老人 合适 屏幕 清晰度,商品2.csv
还不错，性价比挺高，不过最近没有国补稍微贵点，目前没什么问题。觉得售后还不错，冲着售后又买了个小米手机,5,已购 冰锋蓝 12GB+256GB,乌***爷,173,还不错性价比挺高不过最近没有国补稍微贵点目前没什么问题觉得售后还不错冲着售后又买了个小米手机,不错 性价比 挺高 不过 最近 没有 国补 稍微 贵点 目前 没什么 问题 觉得 售后 不错 冲着 售后 小米 手机,商品2.csv
手机很不错，试着打了打游戏，不错，很流畅，手感很棒，很不错，有自带的手机壳，拍照不是很好，不过也很可以，电池容量很大，早上充的电，能用到第二天中午 收起,5,已购 月岩白 12GB+256GB,j***b,174,手机很不错试着打了打游戏不错很流畅手感很棒很不错有自带的手机壳拍照不是很好不过也很可以电池容量很大早上充的电能用到第二天中午 收起,手机 不错 试着 打游戏 不错 流畅 手感 很棒 不错 自带 手机 拍照 不是 不过 可以 电池容量 很大 早上 电能 用到 第二天 中午 收起,商品2.csv
"这款k80手机漂亮，与介绍的一样，照片超清晰，通话也很清楚。这款用着超级好，算是千元机里面我感觉最好的啦，不卡顿，看视频、玩游戏非常流畅，颜色鲜艳，喜欢喜欢特别喜欢，一直都是使用这个牌子手机。 
至尊版雄起！",5,已购 冰锋蓝 16GB+512GB,jd_835b6b6f7l23v7,176,"这款手机漂亮与介绍的一样照片超清晰通话也很清楚这款用着超级好算是千元机里面我感觉最好的啦不卡顿看视频玩游戏非常流畅颜色鲜艳喜欢喜欢特别喜欢一直都是使用这个牌子手机 
至尊版雄起",手机 漂亮 介绍 一样 照片 清晰 通话 清楚 这款 超级 算是 千元 里面 感觉 最好 不卡顿 视频 玩游戏 非常 流畅 颜色 鲜艳 喜欢 喜欢 特别 喜欢 一直 使用 这个 牌子 手机 至尊版 雄起,商品2.csv
小米红米系列一直都在用，但是游戏手机还是第一次用，听朋友介绍来的，体验下来感觉真的很棒，游戏体验感直接拉满，超高帧率，一点都不卡，手机外放音质也相当高，真的刷新了我对手机的认知哈哈,5,已购 月岩白 12GB+256GB,jd_5o381hhamu1d19,177,小米红米系列一直都在用但是游戏手机还是第一次用听朋友介绍来的体验下来感觉真的很棒游戏体验感直接拉满超高帧率一点都不卡手机外放音质也相当高真的刷新了我对手机的认知哈哈,小米 红米 系列 一直 但是 游戏 手机 还是 第一次 朋友 介绍 体验 下来 感觉 真的 很棒 游戏 体验 直接 拉满 超高 一点 不卡 手机 外放 音质 相当 真的 刷新 手机 认知 哈哈,商品2.csv
使用起来非常不错，价格也还可以，,3,已购 砂岩灰 16GB+512GB,丁老师的JD,178,使用起来非常不错价格也还可以,使用 起来 非常 不错 价格 可以,商品2.csv
手机包装很好无破损，物流也快，手机外观漂亮，款式好看，质量很好，正品，做工精致，屏幕细腻够大很清晰，色彩饱和度很不错，照相不错，很漂亮，音质也很棒，系统功能强大，运行速度很快，看电影听音乐都很给力，非常享受，操作简单，内存也足够，性价比蛮高的，而且价格还实惠便宜，很划算，支持，超喜欢。,5,已购 月岩白 12GB+256GB,jd_tprbyg88iw268h,179,手机包装很好无破损物流也快手机外观漂亮款式好看质量很好正品做工精致屏幕细腻够大很清晰色彩饱和度很不错照相不错很漂亮音质也很棒系统功能强大运行速度很快看电影听音乐都很给力非常享受操作简单内存也足够性价比蛮高的而且价格还实惠便宜很划算支持超喜欢,手机 包装 破损 物流 手机 外观 漂亮 款式 好看 质量 正品 做工 精致 屏幕 细腻 清晰 色彩 饱和度 不错 照相 不错 很漂亮 音质 很棒 系统 功能强大 运行 速度 很快 电影 音乐 非常 享受 操作 简单 内存 足够 性价比 蛮高 而且 价格 实惠 便宜 划算 支持 喜欢,商品2.csv
这次购物非常满意，商品性价比高，质量可靠。物流高效，商家服务周到，售后完善。外观干净漂亮，做工很不错，没发现什么瑕疵，个人感觉大小也挺合适，找了很久选的这款，大爱！实用性和颜值都非常的赞，我很喜欢，还会再来买的,5,已购 砂岩灰 12GB+512GB,jd_177648yvt,180,这次购物非常满意商品性价比高质量可靠物流高效商家服务周到售后完善外观干净漂亮做工很不错没发现什么瑕疵个人感觉大小也挺合适找了很久选的这款大爱实用性和颜值都非常的赞我很喜欢还会再来买的,这次 购物 非常 满意 商品 性价比 高质量 可靠 物流 高效 商家 服务周到 售后 完善 外观 干净 漂亮 做工 不错 发现 什么 瑕疵 个人感觉 大小 合适 很久选 这款 大爱 实用性 颜值 非常 喜欢 还会,商品2.csv
京东物流转天就到了，快递小哥服务态度很好送货上门，到手红米k80至尊版，体验超出预期的好，整体外观很有质感，金属边框，云杉绿也很好看，手感舒适，但有些偏重，无论是新品，电池，充电都没有短板，运行流畅，拍照也不错，这个价位的水桶机，叠加国补，性价比很高,5,已购 月岩白 12GB+256GB,妒意然,181,京东物流转天就到了快递小哥服务态度很好送货上门到手红米至尊版体验超出预期的好整体外观很有质感金属边框云杉绿也很好看手感舒适但有些偏重无论是新品电池充电都没有短板运行流畅拍照也不错这个价位的水桶机叠加国补性价比很高,京东 物流 转天 快递 小哥 服务态度 送货上门 到手 红米 至尊版 体验 超出 预期 整体 外观 质感 金属 边框 云杉 好看 手感 舒适 有些 偏重 无论是 新品 电池 充电 没有 短板 运行 流畅 拍照 不错 这个 价位 水桶 叠加 国补 性价比,商品2.csv
非常满意的一次购物，产品外观和质量都很棒，物流速度快，商家服务专业，且电池可以使用2天，十分适合我使用。,5,已购 冰锋蓝 12GB+512GB,不进不出,182,非常满意的一次购物产品外观和质量都很棒物流速度快商家服务专业且电池可以使用天十分适合我使用,非常 满意 一次 购物 产品 外观 质量 很棒 物流 速度 商家 服务 专业 电池 可以 使用 十分 适合 使用,商品2.csv
这个颜色的颜值很好看!磨砂背板不沾指纹，带点灰调低调感拉满，试了一下玩游戏蛮流畅的，电量的话玩了一天下来还有余电，充电速度也很快，日常用完全够用~喜欢喜欢~,5,已购 砂岩灰 12GB+256GB,02ji1r51bcvkui,184,这个颜色的颜值很好看磨砂背板不沾指纹带点灰调低调感拉满试了一下玩游戏蛮流畅的电量的话玩了一天下来还有余电充电速度也很快日常用完全够用喜欢喜欢,这个 颜色 颜值 好看 磨砂 背板 指纹 带点 灰调 低调 感拉满试 一下 玩游戏 流畅 电量 的话 一天 下来 还有 余电 充电 速度 很快 日常 完全 够用 喜欢 喜欢,商品2.csv
自动调光，阳光下也能看的清楚，待机两天了，还剩百分之55。自拍很清楚，软件启动快。这是我买的第二部手机，物美价廉，有需要的可以入手。,5,已购 月岩白 16GB+256GB,jd_186372oeo,185,自动调光阳光下也能看的清楚待机两天了还剩百分之自拍很清楚软件启动快这是我买的第二部手机物美价廉有需要的可以入手,自动 调光 阳光 清楚 待机 两天 百分之 自拍 清楚 软件 启动 第二部 手机 物美价廉 需要 可以 入手,商品2.csv
京东物流转天就到了，快递小哥服务态度很好送货上门，到手红米k80至尊版，体验超出预期的好，整体外观很有质感，金属边框，云杉绿也很好看，手感舒适，但有些偏重，无论是新品，电池，充电都没有短板，运行流畅，拍照也不错，这个价位的水桶机，叠加国补，性价比很高 收起 收起,5,已购 冰锋蓝 16GB+256GB,Detective_Liu,186,京东物流转天就到了快递小哥服务态度很好送货上门到手红米至尊版体验超出预期的好整体外观很有质感金属边框云杉绿也很好看手感舒适但有些偏重无论是新品电池充电都没有短板运行流畅拍照也不错这个价位的水桶机叠加国补性价比很高 收起 收起,京东 物流 转天 快递 小哥 服务态度 送货上门 到手 红米 至尊版 体验 超出 预期 整体 外观 质感 金属 边框 云杉 好看 手感 舒适 有些 偏重 无论是 新品 电池 充电 没有 短板 运行 流畅 拍照 不错 这个 价位 水桶 叠加 国补 性价比 收起 收起,商品2.csv
"外形外观：漂亮大方
屏幕音效：清晰度高，音质一流
拍照效果：拍照虽不如苹果，但是国产手机的佼佼者
运行速度：运行速度快
待机时间：电池容量大，待机时间很长",5,已购 砂岩灰 16GB+512GB,c***7,188,"外形外观漂亮大方
屏幕音效清晰度高音质一流
拍照效果拍照虽不如苹果但是国产手机的佼佼者
运行速度运行速度快
待机时间电池容量大待机时间很长",外形 外观 漂亮 大方 屏幕 音效 清晰度 高音质 一流 拍照 效果 拍照 不如 苹果 但是 国产手机 佼佼者 运行 速度 运行 速度 待机时间 电池容量 待机时间 很长,商品2.csv
入手K80至尊不亏！超声波指纹解锁超灵敏，双扬声器音质绝了，大屏护眼还流畅，重度使用一天一充完全够用，旗舰配置千元价太值了！,5,已购 冰锋蓝 12GB+256GB,u***b,189,入手至尊不亏超声波指纹解锁超灵敏双扬声器音质绝了大屏护眼还流畅重度使用一天一充完全够用旗舰配置千元价太值了,入手 至尊 不亏 超声波 指纹 解锁 灵敏 扬声器 音质 大屏 护眼 流畅 重度 使用 一天 一充 完全 够用 旗舰 配置 千元 价太值,商品2.csv
性能机，拍照只能说过得去，但是其他都可以，什么这屏幕那屏幕的，这个价格买这手机肯定是物超所值，我是觉得挺不错玩游戏也没说发烫，电池可以两天充一次，挺舒服的,5,已购 砂岩灰 12GB+256GB,jd_5xv937x0pj1b6j,190,性能机拍照只能说过得去但是其他都可以什么这屏幕那屏幕的这个价格买这手机肯定是物超所值我是觉得挺不错玩游戏也没说发烫电池可以两天充一次挺舒服的,性能 拍照 只能 过得去 但是 其他 可以 什么 屏幕 屏幕 这个 价格 手机 肯定 物超所值 觉得 挺不错 玩游戏 发烫 电池 可以 两天 一次 挺舒服,商品2.csv
