评论,分数,产品,名字
颜值高，颜色很好看，汐月蓝，非常好，男女通用，大小合适，屏幕也不错，送一个手机壳，质量也很好。拍照清晰，充电速度快。,5,已购 汐月蓝 16GB+512GB,dingyuandu17
手机已经用上了，没办法拍手机的照片，50%的电好像用不了多久。充电器是90瓦的。颜值还是很高，运算速度还是比较快，操作起来还是比较流畅，自拍没有试过，但是拍视频还可以。,5,已购 玄夜黑 12GB+256GB,事事顺心一家亲
红米数字系列还是不错的，旗舰机的质感，比较水桶的配置，价格还比较合适，买来给家里老人用挺合适的。续航也不错，拍照也还行，比较满意。,5,已购 玄夜黑 16GB+256GB,小小白of
一直用小米K系列手机，价值实惠，相比其他品牌同等价位的配置较高，画面清晰，速度流畅，外形设计比较紧凑，拍照效果也有大大提升，总体感受不错。,5,已购 山峦青 16GB+512GB,心***脱
"手机收到两天了，用了感觉很好反应很快，全屏膜自带护眼功能，真的很好感觉这个价格买到很值。
使用颜色款式都喜欢，是第二次购买，对这家东西品质认可，态度满意，以后都这个牌子手机了，真的好用！",5,已购 山峦青 16GB+512GB,w***j
手机收到用了几天来评价，身机用的网络顺滑画质很不错，音质也可以，就是玩游戏手机有点发烫，电池一天光刷抖音刚好，玩游戏就要充两回电。,5,已购 玄夜黑 12GB+512GB,j***c
东西很好，很方便。16加256，1699。还要给父亲用。主要是看中芯片还可以，多用两年。2019年买的Note7Pro已经完全用不动了。希望这个手机能够再用6年。,5,已购 玄夜黑 16GB+256GB,唐先生3028
双11活动买价格还是很合适的，性价比很高，爸爸很久没换手机了，这次一次到位直接买512g内存的，对平常工作来说功能也都足够了，现在还是很顺畅的。,5,已购 玄夜黑 12GB+512GB,jd_130432glr
买第二部了，二个老人全是REDM K80，相当丝滑，老人很满意，用着顺手，屏幕也大，很适合老人用，多年的米粉，质量没的说！,5,已购 玄夜黑 12GB+256GB,jd_emmeli
送的原装壳手感不错，是跟机子同色系的深灰蓝色，盒子上写的日期是26年1月不知道是机子日期还是盒子日期，到手先升级了两次系统，还没充电，感觉还行,5,已购 汐月蓝 12GB+256GB,ax49d11gh4sr6i
颜值高，速度快，就是成电是90的，不算大，电池现在挺好用，外观颜色也可以，性价比高，枸杞不知道会不会耐用，一些,5,已购 山峦青 12GB+256GB,j***6
红米k80外观还是可以的 ，我是看中2k分辨率的屏幕才买的，骁龙处理器的处理器虽然相差了二代了，但价格便宜，性价比很高，用个二三年应该没有问题,5,已购 雪岩白 16GB+256GB,o4bh9g0s56vy9v
给妈妈买的生日礼物，之前哪款红米用了好几年了。主要是内存太小了所以果断换了这款k80，首先是性能上还是不错，而且价格上不超过二千也能接受，手感也挺好的。,5,已购 汐月蓝 12GB+256GB,南国破天
手机待机时间长了，基本都是2天一冲，半个小时就充满了。屏幕柔和，不刺眼，手感不错。价格美丽，可以入手不后悔,5,已购 雪岩白 12GB+256GB,b***u
手机性价比很高，屏幕色彩亮丽，清晰度高，外观也好看，自拍好看，充电半小时就可充满，充电超级快，待机时间长，手感舒适。非常推荐。,5,已购 山峦青 12GB+256GB,沉默的水晶
挺好的，价位也可以接受，给老人买的，够用了，很流畅，性价比高，充电快，对拍照要求不高，可以了，杠杠的,5,已购 雪岩白 12GB+256GB,赤***树
之前用的是华为手机，这次孩子推荐购买红米手机。这款手机颜值高，待机时间长，一整天都不用充电，手机也不卡顿，运行速度快，很喜欢。,5,已购 汐月蓝 12GB+256GB,j***d
红米k80的这款手机，性价比还是不错的。拍照清晰操作顺畅，充电速度也够快。就是不知道为什么指纹解锁有时候会出问题。以旧换新有点骗人，按实际情况提报的旧手机估价个上门来出的价格差很多，还不如实体店给的价格。,5,已购 汐月蓝 16GB+1TB,j***o
这款Redmi K80真香！外观简洁大气，手感舒适，系统流畅不卡顿。家人用了都说好，续航给力，拍照清晰。物流快，包装严实，客服态度也超赞～👍📱✨✨,5,已购 玄夜黑 12GB+512GB,x***h
收到货了，手机手感好，特别丝滑，手机膜紧挨着手机壳尺寸正好太完美了，客服也专业回复快，解答问题很耐心，太满意了!,5,已购 雪岩白 16GB+256GB,d***鹿
颜值不错，蛮大方的。配置也对得起这个价格，反应速度很快，同时运行几个APP都没问题，运行平稳，内存容量也够用。,5,已购 山峦青 16GB+256GB,可春可秋
这款手机自拍很好看，拍照很清晰，屏幕色彩也是非常的鲜艳，软件启动的也非常的快，屏幕也很大，字体也非常的大，当然也可以调节，声音也很很好，嗯，所以整体是非常满意的,5,已购 玄夜黑 12GB+256GB,观***峰
京东买东西送货还是很快，第二天就送到家了。宝贝品质和质量都不错，今天弄好小米换机还是很好用，新手机用起来运行速度很快，使用很方便。,5,已购 汐月蓝 12GB+512GB,a30lbnfobg9a9h
软件启动很快，阳光下看得清楚，手感舒适度也非常好，颜值呢非常高开马铃去热得蜜当中，性价比最高的不用k90 没什么区别，堪称家用天花板挑象手机推荐去跟小米15 区别就是像素没有拍照有区别。小米手机中性价比最高的也就是k80 了,5,已购 山峦青 16GB+1TB,江苏百团科技
手机收到了，正品全新，包装完好。外形漂亮，运行速度快，打游戏不卡顿。拍照效果清晰，特别是夜拍。电池续航给力，一天够用。屏幕色彩鲜艳，看着舒服。系统流畅，没什么广告。是一次非常满意的购物体验。,5,已购 玄夜黑 12GB+256GB,jd_417d6hs6jzng8k
这款K80手机质量很好，外观也很对尚，拍照效果很不错，电池也很耐用，使用起来非常流畅，己用了一段时间了，很满意！,5,已购 玄夜黑 12GB+512GB,jd_4d7o7l6y8i5115
---上手轻薄，屏幕效果细腻，流畅度满分。电池耐用，一天下来电量依然充足。拍照清晰，夜景表现惊艳。系统简洁无广告，性价比极高，非常满意！,5,已购 玄夜黑 16GB+256GB,jd_s157u0i5jpymtt
可以，目前没有什么问题。,3,已购 玄夜黑 12GB+256GB,5***6
小米k80这台手机在当前非常合适，虽然现在最新的是k90，但是90比80升级的不多，80价格优惠很多，最优惠的时候13开头给我妈买了一台，现在另一个家人手机坏了，赶紧再买一台，可惜要16开头了。,5,已购 雪岩白 12GB+256GB,萧竹00薛
红米k80这手机用了一段时间了，还不错，蛮流畅的，各方面都没有问题。红米系列用过了几部，性价比都很高。选了黑色，特显沉稳，很喜欢！,5,已购 玄夜黑 16GB+256GB,小***葵
外观漂亮，上手感觉也不错。丝滑度非常流畅，内存是256g的，够用了。整体用着很舒服，下次还会回购小米。,5,已购 山峦青 12GB+256GB,芒果小福
红米手机宛如科技宝藏!外观精致，色彩靓丽。系统搭载澎湃系统与狂暴引擎，操作顺滑、游戏流畅。大容量存储随心用，售后贴心超放心，值得拥有👍,5,已购 汐月蓝 12GB+256GB,absgtr
K80用了一周彻底被圈粉！性能续航双王炸，日常使用丝滑省心。轻薄机身手感意外的好，拍照色彩很讨喜。两千档价位能给的全给了，年度真香机无疑！,5,已购 玄夜黑 12GB+256GB,rekoba
红米手机，大品牌，值得信赖！价格实惠，性价比高，做工精细，运行速度杠杠的，满意！京东购物就是放心，发货速度快，服务态度好，送货上门，棒棒哒！！,5,已购 汐月蓝 12GB+256GB,忆***梗
红米K80手机到手，配置拉满很流畅，同价位性价比很高。外观中规中矩，金属中框和玻璃后壳手感很好，个人感觉后摄像头模组不如K70好看。,5,已购 汐月蓝 12GB+256GB,s***v
挺好用的，操作流畅，屏幕大清晰，电池容量大，很好，还是很不错，性价比高，真心不错不错，相信京东的品质，物流很快，送货上门人员态度很好,5,已购 汐月蓝 16GB+256GB,e***6
"屏幕音效：很清晰，反应也很快
拍照效果：很快，很清晰
运行速度：很快，现在手机处理器真心不错，约来约快，一点都不卡顿",5,已购 雪岩白 12GB+256GB,p***6
手机很漂亮，运行非常流畅，显示很清晰，电池容量大充电速度快，拍照也是很不错的，价钱很便宜，性价比很高。,5,已购 雪岩白 12GB+256GB,去***8
活动价1900多到手。手机挺重的，性价比可以，电池玩一天没问题。送了个哑光的手机壳，用不习惯，就自己买了个透明的。,5,已购 玄夜黑 12GB+512GB,b***t
红米K80质量特别好，红米手机性价比超高，正好双十一活动力度很大，加上国补，果断出手，系统流畅，手感丝滑，正式不错的宝贝。,5,已购 玄夜黑 12GB+512GB,lida410608
现在买红米k80的时机很好，性价比很高，正好是九零刚换代不久的时候，前一代顺势降价，对于我而言，绝对是大大的够用了。黑色典雅大气，外观一级棒。,5,已购 玄夜黑 12GB+256GB,j***8
系统功能贴心实用，跨端互联便捷高效，快充补能迅速，影像覆盖全场景，千元机也有旗舰级体验。性能释放稳定，久用不卡,5,已购 玄夜黑 16GB+256GB,伊凡321
给老人家买的。主要是打电话，看看微信刷刷视频。老人家觉得挺满意的，比如大电池、2K屏、声音清晰等等。,5,已购 山峦青 16GB+512GB,姬疯
"给妈妈买的生日礼物之前红米用了好几年了。主要是内存太小了所以果断换了这款k80,首先是性能上是不错，而且价格上也能接受,手感也挺好的。",5,已购 汐月蓝 16GB+512GB,最***c
这款手机的外观设计简洁大方，屏幕显示清晰，拍照效果一流，运行速度飞快，电池续航持久，性价比超高，绝对值得入手！[拇指向上],5,已购 玄夜黑 12GB+512GB,小***5
给家里父母换的红米K80手机，之前用的K60，国家补贴价格也不错，15OO多的，品质和K60一样，很实用，屏幕很好，2K屏幕。看东西不费眼。推荐。,5,已购 玄夜黑 12GB+256GB,j***6
朋友推荐购买的手机，性价比比较高。刚开始用，暂时没有发现卡顿的情况，手感对于女生来说，有点大。可能男孩子比较合适。,5,已购 雪岩白 16GB+1TB,j***6
不错很薄 手机很实用，轻重刚好 送来很快拍照清晰性能也可以，不错的，容量很大，正品512g很适合，装备牛，,5,已购 玄夜黑 12GB+512GB,柿子ww459
旧手机不行了，想着双十一有活动换个新的。上个也是京东自营购买的红米手机，这次同样选择京东自营。发货速度快，第二天就收到了，用了两天没问题。京东自营质量有保障。,5,已购 雪岩白 16GB+256GB,___Man---
这款手机整体表现很赞，外观简约耐看，机身轻薄易携带。屏幕显示舒服，长时间用不累眼，性能应对日常需求完全够用，运行一直流畅。续航给力，全天使用电量充裕，充电速度也快。综合配置均衡无短板，性价比突出，作为日常主力机很合适,5,已购 玄夜黑 12GB+256GB,6363s2qdkuyz8q
下回有时间有精力还要买一款k80。主要替换掉现役最差的手机。这个价格，这个配置，让我们这些老年人弄得很放心。不担心是坏机子拿来充好的。京东品质。不错。,5,已购 汐月蓝 12GB+256GB,_***_
手机很好，这是购买的第三个了，一直在用，价格不定期变化，很实惠，手机速度可以，不玩游戏，体会不出有多快，目前很理想。,5,已购 玄夜黑 12GB+256GB,猎月施人
真是好手机，真是一部好手机，真是一部送长辈的好手机，真是一部长辈过生日当礼物送长辈的好手机。妈妈非常满意，更新澎湃os 3.0后，给妈妈壁纸设置成了视频动态壁纸！妈妈非常喜欢非常开心,5,已购 雪岩白 12GB+256GB,7***n
送给老婆的K80她用得很开心！流畅不卡顿，拍照清晰，续航也持久。颜值高手感好，她总夸我会选礼物，性价比超高，值得推荐！,5,已购 雪岩白 16GB+1TB,飞***游
小米做工精细，质量上乘，品质可靠，物流速度也很迅速，包装严实没有任何破损，没有什么明显瑕疵，机器很快系统也方便使用，适用于年轻人，性价比高,5,已购 山峦青 12GB+256GB,宝葫芦的淡淡
"以旧换新：用以前自用的旧手机回收，还有补贴。
外形外观：个人感觉外观整洁简约大气。
买给老妈，老妈非常喜欢。",5,已购 雪岩白 12GB+256GB,加***水
"给家里老人买的非常好，系统非常流畅，操作简单，一直习惯用小米的手机。 看了好几款最后决定买k80
国补之后超值",5,已购 玄夜黑 12GB+256GB,j***q
这个手机真的太好用了，我非常喜欢速度非常快，运行起来非常快。希望大家都来买，价格很合适，屏幕很好，拍照也很清晰,5,已购 山峦青 12GB+256GB,小胡0522
给老母亲买的手机。。老年人够用了。。骁龙8 Gen3+2K护眼直屏表现亮眼。。6550mAh大电池+90W快充告别续航焦虑，IP68加持。。中端价位性价比拉满,5,已购 汐月蓝 16GB+512GB,A***S
是买给老爸的，价格不贵，性能强劲，日常使用起来一丁点的卡顿都不会有，把老爸手里的k50升级到了k80，非常的好。,5,已购 玄夜黑 16GB+512GB,i***e
一直想给妈妈换一个手机，趁着双12手机打折，找到这款小米K80。价格很优惠，买到后迫不及待的开机，使用体验还不错，多用几天看看效果。,5,已购 山峦青 12GB+256GB,0***2
现在红米还是有性价比的，虽然我不买了，但是给老人家买，还是很不错的。堆料小米没输过谁。2k屏幕，骁龙8gen3，ip68防水，都是可以的,5,已购 汐月蓝 12GB+256GB,坚强的猪先生
一直在京东买手机，没出过问题，红米k80应该是这个价位性价比最高的了，用久一点没问题，一年两年以后小米换电池比较方便,5,已购 玄夜黑 12GB+256GB,罪与罚1993
红米K80性价比拉满！骁龙8 Gen3+2K护眼直屏流畅丝滑，6550mAh大电池+90W快充告别电量焦虑，金属中框质感在线，日常用机、游戏都靠谱,5,已购 雪岩白 12GB+256GB,梁浩天
非常不错的一次购物体验商品活动，商品质量非常好，不愧为京东自营平台上的小米大厂家生产的正品行货。手机性能卓越，设计精美，适用性高，性价比高，真心值得拥有，快递小哥很给力，亲自上门服务到家，值得点赞👍🏻,5,已购 山峦青 16GB+1TB,秋天枫叶FY
红米K80，2K屏蛮清晰的，电池可以的 ，中度使用6小时也就消耗了百分之60的电，一天一充可以的，90W的充电速度很快,5,已购 玄夜黑 12GB+256GB,陈***n
手机很快收到了，给朋友买的，她喜欢，喜欢比啥都重要，手感看着不错，颜值高用起来也顺手，新机很可以的，不错,5,已购 山峦青 12GB+256GB,j***g
12+256，第三代骁龙8处理器速度很快，下载速度也很快。1600多性价比很高。屏幕挺大的，5600多mah电池容量够大。,5,已购 雪岩白 12GB+256GB,我i我佳521
手机手感还不错，系统还是之前的小米系统，性价比挺高，主要还是价格实惠，我都是买隔代的，实惠，总体来说，不错,5,已购 汐月蓝 12GB+256GB,王宝王宝
性价比很高k八零过补之好价格很划算作为日常手机使用性能完全符合要求充电量大然后照片也清晰。给老妈换个手机，加上果脯很划算，大家可以重点考虑一下。京东物流也很给力下单当日就到。,5,已购 汐月蓝 16GB+256GB,jd小喇叭滴滴
"外形外观：外观很好看
拍照效果：拍照非常好，清晰，色彩鲜艳
运行速度：运行速度很快
下单就发货，价格实惠，有国补很划算，很满意",5,已购 汐月蓝 12GB+256GB,棉***6
双十一购买的k80，原本纠结k80至尊或k90，最后综合考虑后选的k80，另外两个有大R角颜值高，但小米之家体验后实在是太宽了，反而k80修长握感更佳，整体性价比更高，原本觉得后面的圆形摄像头有点丑，但真机其实还可以，加上金属中框，后盖两段式玻璃设计挺不错，性能方面除了照相感觉跟旗舰机没太大区别，这次小米澎湃系统升级3.0后，整体提升明显，小爱同学也升级为超级小爱，Ai方面有很大提升。,5,已购 汐月蓝 16GB+512GB,张伟king
已经记不清这是第几次购买小米的产品了。上部手机用了三年半，感觉还不错。但是电池不太给力了。这款也不错。性价比也不错。,5,已购 汐月蓝 16GB+1TB,R***W
小米红米大品牌，一直用红米K系列的手机，非常好用，速度快，系统硬件优化得非常好！之前用K20，现在都不卡！,5,已购 汐月蓝 12GB+512GB,y***6
买手机都习惯性在京东上买 之前用的是小米k70 不小心摔坏了就又买了这个k80 昨天晚上买的 今天早上10点多就送到了 速度是挺快的 小米换机速度也挺快的 刚开始用 应该不错,5,已购 玄夜黑 16GB+256GB,可爱的小小余
红米k80这个外观还是很不错的，特别喜欢这个蓝色，拍照很好看，充电速度：12分钟从83度电充到97度。,5,已购 汐月蓝 12GB+256GB,jd_zc3p3pkvt475eq
红米k系列手机，名副其实的物美价廉。多年来，一直钟情于K系列手机，从K30PRO一直买到K80手机，优秀的手机系统，获得了非常棒的使用体验。点赞！推荐！,5,已购 山峦青 12GB+256GB,jd_海涯创意
2000档闭眼冲！90W快充回血快，性能强悍游戏不卡顿，超声波指纹秒解锁，护眼屏+长续航日常用超省心～,5,已购 山峦青 12GB+256GB,与宁同在哈哈
手机呢是朋友推荐的，说小米的手机不错，于是我才买的。然后我们家呢好多小米牌子的东西都非常好用，你觉得这个手机看着外观也挺漂亮的。然后那个电池也很大，目前感觉用着不错,5,已购 玄夜黑 12GB+256GB,-***-
价格便宜快递好，东西不错的，大品牌质量有保证的，挺好的，用着非常顺畅，以后有活动还会继续买买买的，赞一个，不错的手机！用着体验感很好,5,已购 玄夜黑 12GB+256GB,jd_maxd01
收到手机啦！外观比想象中更精致，拿在手里很有质感。屏幕显示清晰细腻，色彩很舒服。运行速度非常流畅，App切换毫无卡顿。拍照效果杠杠的，夜景也很清晰。电池很耐用，充一次用一整天。总之非常满意，物超所值，物流也很快，五星好评！,5,已购 黑色 12GB+256GB,的***美
"入手这款Turbo 4 Pro一周，体验超预期！第四代骁龙8s性能强劲，日常使用和大型游戏都流畅无卡顿，16GB大内存多任务切换丝滑。最惊喜的是7550mAh超大电池，重度使用一天半无压力，告别电量焦虑。256GB存储空间充足，照片视频随便存。
黑色外观简约大气，机身质感不错，握持舒适。5G网络稳定，下载速度飞快。屏幕显示清晰，色彩还原准确。MIUI系统功能丰富，小爱同学响应迅速。
性价比真的高，这个配置在同价位几乎无敌。无论是学生党还是上班族，这款都是超值之选。红米再次证明了&quot;真香&quot;定律，强烈推荐！",5,已购 黑色 16GB+256GB,a***京
"手机非常满意，运行速度很快，价格实惠值得购买，国家补贴，
屏幕音效：音质不错，双扬声器，屏幕护眼效果不错，物流
拍照效果：5000万相机拍出来的照片清晰度好高",5,已购 白色 12GB+512GB,小***0
小米（MI）REDMI Turbo 4 Pro手机很好很好(o&acute;&omega;`o)ノ小米手机的性价比很高，这样的价能买到这质量非常不错，第四代骁龙8s的处理器处理日常任务的速度很快，日常使用的情况下是够用的，Turbo 4 Pro的7550mAh的电池🔋续航时间也很长，16GB+256GB的内存日常使用和存储也够用，小米手机的澎湃系统操作也流畅，屏幕使用和拍照功能在这个价位来说还是不错的，推荐大家购买来好评😊,5,已购 黑色 16GB+256GB,赵琪琪琪琪琪
外观规矩，厚度合适，运行速度快，操作简单，数据移机非常方便，拍照清晰，待机时间长，不用每天都充电，价格实惠，有国家补贴，送货速度快。,5,已购 黑色 16GB+512GB,李三多i
手机非常好使，特别漂亮，耗电特别慢，特别丝滑，拍照效果特别好，外形特别好看，拍照挺清晰的，没有网上说的拍照那么不清晰，真的挺好用的，质感也特别好，推荐大家买，价格也特别合适。,5,已购 白色 16GB+256GB,g1n7a47m3zc1ly
"之前用着红米K70至尊版，现在换这个用着，个人用着非常nice好叭，还挺便宜的，买的是1TB+16GB（32GB），简直不要太爽，真是太喜欢红米手机，打算明年再买一个红米turbo5max，真是太喜欢啦，操作非常丝滑，屏幕色彩鲜艳刻在设置中设置，根据个人喜好设置，手感个人用着特别好
外形外观：颜值很高，用久了红米K70至尊版换成这个自然而然就不会显得很宽
拍照效果：超棒
运行速度：很快
待机时间：超长待机，带有7550毫安大电池
其他特色：后面摄像头充电的时候有灯效，听歌的时候也会有，可在设置中设置",5,已购 白色 16GB+1TB,可爱白喵
"外形外观：外形秀气，好看
屏幕音效：屏幕清晰，音质不错
拍照效果：拍照可以
运行速度：运行速度快，不卡
待机时间：待机时间长，充电速度快，妥妥小钢炮",5,已购 黑色 16GB+256GB,黯然壹笑a
家人一直用小米的手机，薄厚合适，拿在手里感觉手感也很好，操作顺畅，拍照挺清晰的，颜色自然，价格实惠，有国家补贴，感觉很值。,5,已购 黑色 16GB+256GB,jd_153110gbp
这款手机质量出众，给人超稳体验。拍照对拍风景的我完全够用，操作流畅，开多个后台软件也不卡顿，耗电还慢。追求性价比日常用，闭眼入。,5,已购 白色 16GB+256GB,3***l
手机用了两天，我只是看视频用，电池特别耐用，连续放了5小时视频，电量才掉了30，而且只有一点点热，看评论有的说特别热，我还担心，现在觉得完全多余，价位也合适，很满意,5,已购 黑色 12GB+256GB,1om426fkg7fnha
"📱手感真的超舒服，握持感满分✨
🌈屏幕色彩鲜艳到惊艳，看视频超享受🎥
🔊外放声音洪亮清晰，追剧不用戴耳机🎧
⚡运行速度快得飞起，切换应用毫无卡顿🚀
📦快递包装严实，送货速度也快，服务贴心👍",5,已购 粉金色 16GB+512GB,五里雾中---
手机看起来好高级，用了也不错，刚刚拿到手就弄好了，粉金色真的好好看，好喜欢，屏幕颜色看着很清晰，。。。。。。总之哪哪都喜欢,5,已购 粉金色 16GB+512GB,jd_133499qzb
红米Turbo 4 Pro性能强劲，骁龙8S Gen4搭配大内存，7550mAh电池续航超赞，千元机中的性价比之选。,5,已购 粉金色 16GB+512GB,jdbgghl
这家店的商品真的很不错，设计很经典，质量也过硬，材质很耐磨。商家服务友善，使用舒服，物流快，性价比高！ 给老妈买的，很不错，运行流畅，不卡顿。颜值也是可以的,5,已购 粉金色 16GB+512GB,l***0
手感一流，选了粉色的，感觉淡了点，不过没关系，买个手机壳装上即可，看了很久，现有国补，果断出手。。。,5,已购 粉金色 16GB+512GB,jd_0bzo9uj95bnczc
还可以，给妈妈买的，不怎么拍照也不玩儿游戏就足够用了，挺丝滑的，手感也不错，整体都还可以，好评。希望耐用,5,已购 粉金色 16GB+512GB,樱樱樱-樱桃
商家发货快，物美价廉！有国补比较便宜优惠！颜值高，电池容量够大，刚到手，有什么情况玩轮再说吧，希望耐用！,5,已购 粉金色 16GB+512GB,粤***技
京东商城上购买的小米品牌的红米turbo4pro.领了国家补贴1820买的，手机很漂亮个人很喜欢，手机很流畅很好用，虽然标有电池7500，但个人觉得电量还是用得很快。非常好的手机。,5,已购 粉金色 16GB+512GB,jdzjpzhzh
"直观说下感受
	电池死命往上卷，7600毫安，仅次于荣耀power的8000🔋四月份点机圈真的是crazy了
我查了下屏幕是华星家的。👌
红米的屏幕我觉得一直还可以（这个不是尬吹），属于这个价位的第一梯队。
- 📱 6.83英寸1.5K大直屏＋144Hz动态刷新率、屏幕略大过oppo find x8ultra
- 📱 峰值亮度3200nit、1920Hz高频PWM调光
强光下看得蛮清楚",5,已购 粉金色 16GB+512GB,1***6
新手机就是爽，国补入手真划算，速度很快，终于又可以用新手机了，比较了几腓平台还是相信jd 还得是jd送段也快，需要现场激活无所谓反正自己用.,5,已购 粉金色 16GB+512GB,没有教养的
手机字体可以调很大，挺适合的老人用的，而且内存也足够，不会卡顿，屏幕色彩很鲜艳，拍照也挺清楚，是一款还不错的手机，买给家人用，很适合,5,已购 黑色 12GB+256GB,8023ac
家里一直都用小米的手机，这次到新年又换了一部，红米手机性价比很高，性能也很好，关键是和原来手机数据导入很方便。快捷，操作系统也都适应了，不用费劲。,5,已购 白色 16GB+512GB,s21t790loeazsz
"外形外观：金属边框，在千元机里很有质感，给家里人买的，屏幕很大，电池也大，适合家里人使用。
运行速度：很流畅，12g+256g足够家人使用了，很方便！
过年期间买的，次日达，物流很快！",5,已购 黑色 12GB+256GB,jd_97wtw821wszwkm
红米这款性能没的说，老人日常用完全够。不过尺寸也确实大，拿在手里有点不舒服，过重的重量单手操作也有点不适应。价格可以再低一点，用起来更开心。,5,已购 黑色 12GB+256GB,大***4
这是我父母第三台红米手机了，从机子的功能，使用年限，和价格等多种因素的综合考虑，红米系列的手机绝对值得推荐。,5,已购 黑色 12GB+256GB,solcampell
这款真的是性能小钢炮，玩游戏，刷视频杠杠滴，非常流畅，不卡顿。大电池续航持久，手机手感也好，买对了!,5,已购 黑色 12GB+256GB,凌***咪
红米Turbo4 Pro性能很强，骁龙8s Gen4流畅不卡，游戏满帧稳跑。7550mAh大电池续航超顶，重度一天轻松够用，90W快充回血快。屏幕清晰、散热靠谱，两千档性价比拉满。,5,已购 黑色 12GB+256GB,jd_bz47e96yp5p7s9
"外形外观：好看，给家人买的，新年换新手机
屏幕音效：屏幕舒适
拍照效果：拍照效果可以😌
其他特色：之前也给家人买过红米，这次换新的还是换红米",5,已购 白色 12GB+512GB,千树子菌
给孩子买的手机 毫不犹豫的就选择了小米的  性价比高 功能强大 电池续航能力优秀  买来自带手机壳 90w充电器 孩子喜欢 我也满意,5,已购 白色 12GB+256GB,日天雨林
这款朋友好几个都买了，都说还不错，待机时间挺长的，充电特别快，屏幕色彩也不错，应该可以用个三五年没问题，内存也挺大的。,5,已购 黑色 12GB+256GB,第***忆
新手机比上一代升级很多，拿在手里手感很好，金属边框，特别圆润，屏幕给我的感觉就是很大，电池续航也不错,5,已购 白色 12GB+256GB,轩***米
"📱手感真的超舒服，握持感满分✨
🌈屏幕色彩鲜艳到惊艳，看视频超享受🎥
🔊外放声音洪亮清晰，追剧不用戴耳机🎧
⚡运行速度快得飞起，切换应用毫无卡顿🚀
📦快递包装严实，送货速度也快，服务贴心👍",5,已购 粉金色 16GB+512GB,五里雾中---
"不错，不错，
拍照效果：完美😍
运行速度：很快，
外形外观：很好看啊，实在的很
屏幕音效：很酷炫很
待机时间：完美😍
其他特色：帅，真的很不错，以后还来买&hellip;&hellip;",5,已购 黑色 12GB+256GB,没有回音的山谷o
收货效率高商家发货给力，拆包看到手机挺漂亮的，音乐和拍照效果都不错，上网打游戏速度也是一流，一直都是小米忠实粉丝前前后后在京东买过六台质量都没问题！👍,5,已购 黑色 16GB+256GB,j***2
手机看起来好高级，用了也不错，刚刚拿到手就弄好了，粉金色真的好好看，好喜欢，屏幕颜色看着很清晰，。。。。。。总之哪哪都喜欢,5,已购 粉金色 16GB+512GB,jd_133499qzb
"显示细腻，性能强劲，电池容量超大，功能丰富，针不
错。非常棒，值得推荐！客服小云，服务态度很不错，耐
心指导。",5,已购 粉金色 12GB+256GB,7***l
"喇叭外放声音大，屏幕色彩艳丽，阳光下也看得十分清楚，12g+512g,存储空间足够用了，性价比很高。",5,已购 粉金色 12GB+512GB,魔***8
"拍照效果：拍摄视频可以
外形外观：好看
屏幕音效：好呢",3,已购 粉金色 12GB+256GB,j***b
给家人买的新手机选了小米这款手机性价比非常高，手机用起来非常的流畅，实用起来大小也正合适，价格也是很好的，接受起来无难度，满意,5,已购 黑色 12GB+256GB,u***v
红米Turbo4 Pro性价比拉满，骁龙8S Gen4性能强劲，游戏流畅不卡顿。7550mAh大电池续航超强，金属中框质感好，系统流畅稳定，千元机首选！,5,已购 黑色 12GB+256GB,甜***g
"外形外观：漂亮
屏幕音效：音质
拍照效果：清晰
运行速度：很快
待机时间：待机时间长
其他特色：性价比非常高值得购买 真好",5,已购 白色 16GB+512GB,8***9
给婆婆买的，手机很不错，屏幕很大，手感很好，清晰度也很高。婆婆很喜欢这款手机，价格还有过补，很实惠。,5,已购 粉金色 16GB+256GB,我都笑纳
手机颜值超高，运行流畅，不卡顿，拍照清晰，色彩还原好续航，给力，充电也快，系统稳定，功能丰富，用起来特别顺手，性价比非常高，非常满意,5,已购 黑色 12GB+256GB,倩倩打瞌睡
嗯，小米红米手机外形很惊艳，颜色也很清新亮丽，性价比非常高，手感不错，加上国家补贴价格相当给力，超出预期好评，非常好的手机,5,已购 白色 12GB+256GB,jd_186222cul
非常好看的一款手机，手感很好，清晰度很高，我非常喜欢这款手机。价格也参与国补，到手很实惠。非常满意！,5,已购 粉金色 16GB+256GB,C嵛帆
不得不说，小米家的红米系列真的是性价比特别高的一款手机，操作起来超级方便，旧手机的资料全部导过去了，手机超级好用,5,已购 白色 16GB+256GB,u_mn43x3k8c4w1
红米Turbo 4 Pro性能强劲，骁龙8S Gen4搭配大内存，7550mAh电池续航超赞，千元机中的性价比之选。,5,已购 粉金色 16GB+512GB,jdbgghl
手机质量不错，优惠力度大，附赠品齐全，手感也丝滑，开机响应快，拍照效果也非常不错，整体作工精细，年底有国补，加上京东补贴，相当的物有所值，值得入手的好物。,5,已购 黑色 16GB+1TB,u_qqmjz1g32wx4
这款小米手机外形十分好看拍照效果十分清晰特别适合年纪大的老人待机时间长，有需要的朋友们可以抓紧时间及时购买，非常的不错，而且价钱非常便宜,5,已购 粉金色 12GB+256GB,y***0
手感还是很不错的，他们家的价格不贵，还挺顺手的，老人也比较喜欢，毕竟我是给家人买的，我觉得还是挺不错的吧，运行的速度也很快,5,已购 粉金色 12GB+256GB,雷声雨点小哈
快过年了，给家里的老人买的手机，之前的那个手机用了好几年，刷视频或者看微信都特别卡。这次换了这个之后，速度快了很多，再适应几天,5,已购 粉金色 12GB+256GB,喊我溜溜
"手机做工精致，屏幕清晰，握持手感出色，系统流畅，拍
照清楚日常使用足够了，物超所值。特别合父母用，或者自己当备用机使用也可以的！小米官网查询的确是未激活的，好评！",5,已购 粉金色 12GB+256GB,7***l
手机收到了是全新未拆封的没有问题，买给家里人用的，日常用非常满意 包装也很好没有什么问题，手机也很漂亮，质感很好，电池容量大，能用很久,5,已购 粉金色 12GB+256GB,j***0
Redmi Turbo 4 Pro性价比超高，骁龙8S Gen4性能强劲，游戏流畅不卡顿。7550mAh大电池续航持久，90W快充回血快。金属中框质感好，IP68防水实用，屏幕清晰护眼，系统流畅，同价位几乎无短板，非常值得入手。,5,已购 黑色 12GB+512GB,j***z
小米出品必属精品，之前用的红米手机，为了方便倒数据还是继续购买的这款红米，内存1tb足够大才够用，顺便还购买了电池2年换新的服务，希望经久耐用。,5,已购 白色 16GB+1TB,红***鱼
"REDMI Turbo 4 Pro搭载的第四代骁龙8s处理器使得性能异常强劲，无论是游戏还是多任务处理都能游刃有余。这款手机配备了12GB内存和256GB存储，再也不用担心跑速和空间不足的问题。
7550mAh的超大电池让人惊喜，长时间的使用体验无需频繁充电，完全能够满足重度手机党的日常需求。无论是外出旅行还是长时间工作的场合，REDMI Turbo 4 Pro都能保证有足够的电量支持。",5,已购 黑色 12GB+256GB,霜_天
外现时尚，送货快，随便夸夸,3,已购 白色 12GB+256GB,崆峒山旁的南瓜车
"这款手机外观时尚精致，轻薄便携手感佳。性能强劲运行
流畅，拍照效果出色，色彩还原度高。电池续航能力不
错，充电速度快，很值得入手。",5,已购 粉金色 12GB+512GB,ann21d234td8lx
"红米Turbo 4 Pro手机是一款性价比极高的中端机型，它在性能、续航、设计和屏幕等方面都有出色的表现。
这次在享受国家补贴后到手价更为亲民，是一款性价比极高的手机。",5,已购 黑色 16GB+256GB,9***g
性能流畅，传输数据的时候也很方便，不卡顿，拍照还行，买的12➕256g的，足够老人家用了。手机屏特别大哈哈手都握不住，送长辈的可以选这款手机。😌,5,已购 黑色 12GB+256GB,7***4
"手机非常好用！确定是正品无误！骁龙芯片+大肉a1o
存，玩游戏、多任务都流畅，完全不卡顿。高清主摄+夜景模式，随手拍都清晰，夜景噪点少，色彩超自然。大电池*快充，重度使用一天没问题，充电5分钟能用好久，再也不怕没电焦虑。操作顺手，新功能总能帶来惊喜。同配置价格比其他品牌低很多，质量都一点不含糊，支持小米，国货之光！用了一段时间越用越喜欢，真心推荐！",5,已购 白色 12GB+256GB,j***h
"待机时间：待机时间长
运行速度：挺快的
拍照效果：拍照清晰度一般吧，也还行
外形外观：可以，大气手感也舒服
其他特色：小米手机值得信赖。",5,已购 白色 16GB+1TB,g***5
这家店的商品真的很不错，设计很经典，质量也过硬，材质很耐磨。商家服务友善，使用舒服，物流快，性价比高！ 给老妈买的，很不错，运行流畅，不卡顿。颜值也是可以的,5,已购 粉金色 16GB+512GB,l***0
手机收到，运行流畅，外观设计合理，手感不错，大游戏不卡顿，画面感强，像素图像效果好，音响设备质感很好，小米手机已经是第二次回购了，电池容量大，待机时间长，屏幕设计合理舒适。,5,已购 黑色 12GB+256GB,29athz4z78r9s1
买的是1TB的，要用到的大储存，价格也非常好，手机颜值也很喜欢，用起来也不卡顿，电池容量也超大，不担心一天一次充电了，京东自营品物流也是杠杠的，第二天就到了，非常快。,5,已购 粉金色 16GB+1TB,4y100g7u8s671c
之前使用小米手机10s四年多了，电池掉电快了，而且有些卡了，这次更换这款红米手机性价比不错，运行速度奇快，外放喇叭声音一般，总之就是这款手机非常适合老年人使用。,5,已购 黑色 16GB+256GB,WizzleX
待机时间，拍照都挺好的。就是寸照片没有以前按天存的功能。对于热爱拍照的人来说查找资料有点不那么方便。其他都挺好,5,已购 黑色 16GB+512GB,xa16q972tovat1
红米Turbo 4 Pro太顶了！性能强劲，玩游戏超流畅。超大电池超长续航，告别电量焦虑。屏幕护眼清晰，拍照也够用。性价比超高，闭眼入不亏，真香！,5,已购 黑色 12GB+256GB,陈不慌v
"手机收到了，还可以不错的选择
外形外观：外观设计漂亮美观
屏幕音效：屏幕音质清晰度高
拍照效果：拍照效果很好
运行速度：运行速度快
待机时间：待机时间长",5,已购 黑色 12GB+256GB,j***m
红米TrubO4 Pro此款真是千元档机性价比的天花板，此价格能买到金属中框十AG玻璃后盖，IP68防水。大电池超长继航，一天一充完全足够，国补抢不到，有些遗憾！,5,已购 黑色 12GB+256GB,jd133828glk
"外形外观：外观好看大气简约
屏幕音效：音效同价位还是可以的
拍照效果：📷也很OK
待机时间：正常两天充一次长辈用的很耐用",5,已购 黑色 12GB+256GB,jd_150785zxkc
手机不错，屏幕大，本以为初四才可以收到货，没想到今天就收到了，收到后感觉他惊讶了，参加国补买下来不到2000，值了。,5,已购 粉金色 16GB+256GB,b***e
"拍照平时用还是够用了，颜值不错，
外形外观：手机拿在手上的触感还是挺爽的，用了一会电池非常经用，",5,已购 白色 12GB+256GB,jd_131646vsv
手机颜值比较高，拍照比较清晰，玩游戏比较流畅，刷抖音比较好，给妈妈买的，妈妈很满意,5,已购 粉金色 12GB+512GB,jd_70ubb06q4v0gyv
屏很大     颜色很干净     有插头   不用单独买   给老人买的    感觉不错,5,已购 白色 12GB+256GB,j***摆
小米这款手机超出了我的预期，外观简约好看，性能流畅不卡顿，续航也超给力，用着特别顺手，真心不错,5,已购 黑色 12GB+256GB,轩***米
货已收到，待用一段时间观察效果,3,已购 黑色 12GB+512GB,4***7
"买手机上京东，质量很好有保证。
外形外观：好
屏幕音效：好
拍照效果：好
运行速度：快
待机时间：长",5,已购 黑色 12GB+256GB,jd_6h9279y690c23q
做工精细，屏幕清晰，反应很快，日常使用完全没问题，信号稳定，客服态度好，非常满意的一次购物！,5,已购 黑色 12GB+256GB,萩萩666
手机电池非常大，也很经用，再也不担心没有电了，功能强大，系统用用着非常流畅，非常舒服。,5,已购 白色 12GB+512GB,行***5
手机非常不错，外观大气，运行流畅，屏幕大。用了国补价格合适，给老人使用非常合适。,5,已购 白色 12GB+256GB,从***t
质量很好，值得购买，家里人很喜欢，拍照清晰，系统流畅，软件好用，充电速度快，音乐质量很好，包装完美,5,已购 白色 12GB+512GB,东***l
我自己半年前换了手机，给先生也换了同款，用了一段时间了，手机运行速度快，好用，打游戏丝滑。好评。,5,已购 白色 16GB+1TB,i来向暖
第一次在京东商城里面购买小米的手机，性价比高🏀质量很好，电池够大，屏幕看的很清，做备用机够用。,5,已购 黑色 12GB+256GB,jd_1300津1300津
物美价廉，性能强劲，系统流畅，电池容量大，性价比之王，平时看看小说刷刷短剧都没问题,5,已购 粉金色 12GB+256GB,轩***米
这个手机买来用了一阵子，是给老爸买的生日礼物，他表示很喜欢这个手机，充电速度快，屏幕大,5,已购 白色 12GB+256GB,轩***米
"手机收到，快递小哥很有耐心，帮着录了开箱视频。
手机外观线条流畅，手感不错，运行速度快。",5,已购 黑色 12GB+512GB,jd_139202dxp
这款手机很不错，一千出头，很实惠，性能强大，平时好看小说刷刷短剧够用，非常满意。,5,已购 黑色 12GB+256GB,轩***米
用起来挺好的，看了很久的手机，最后选择了这个手机，比k系列感觉很好，挺好的手机，值得推荐。,5,已购 白色 12GB+256GB,Mike-HH
"外形外观：大圆角，手感不错
运行速度：买来给老人用的，没有问题
待机时间：基本光刷视频，待机很长",5,已购 粉金色 12GB+256GB,h***1
红米手机价格实惠，东西也不错，属于那种买了不会后悔的类型，性价比确实拉满，系统也很丝滑,5,已购 白色 12GB+256GB,略略略略略略666
用了几款红米手机，感觉比小米更实用，功能够用，不花哨，适合日常使用，挺满意的，适合给老人用,5,已购 白色 12GB+256GB,略略略略略略666
京东购买，物流很快，隔天到货，屏幕色彩鲜艳，操作简单顺畅，阳光下很清晰，待机时间可以,5,已购 黑色 12GB+256GB,-小李丢丢
机身轻薄，手感也很好，屏幕大，这个价格很优惠，打电话音质也很棒，不到2千的价格，性价比还不错,5,已购 粉金色 12GB+256GB,深***1
这个红米手机很好用，很流畅，照相也很清晰，声音也很大，电池非常耐用，非常非常满意,5,已购 黑色 12GB+256GB,李***-
"外形外观：很棒
屏幕音效：很棒，
拍照效果：拍照清晰，运行速度快
待机时间：待机时间长",5,已购 白色 12GB+256GB,叫***哥
这个手机挺好的吧 用电挺慢的 打游戏的话我暂时还没玩过 看视频可以 拍照的话一般般 其他的都还可以,5,已购 白色 16GB+256GB,泪***心
外形外观超级漂亮，屏幕音效又很完美，拍照效果也非常非常的清晰，色彩也很鲜艳，下次还要购买,5,已购 白色 12GB+256GB,扎扎9527
平时刷视频清晰度是可以的，看个电视剧也不卡，拍照片镜头也算清晰，绿色的感觉要比其他颜色更好看点实物，阳光下调光亮度也是可以的,5,已购 绿色 12GB+256GB,圆圆子der
